,Lat,Long,Insolation
2,54.86233,-2.3919981,1005.309
3,57.271658,-4.0756421,952.106
4,52.234476,-4.2721271,1147.0376
5,54.434273,-6.0888787,1047.6035
6,50.992662,-3.0709379,1158.9788
7,54.054114,-1.9260945,1041.5448
8,56.005966,-4.4884638,984.7996
9,53.048421,0.011514478,1138.6591
10,55.042068,-1.6113203,1012.4931
11,54.260068,-5.9179643,1067.9384
12,55.448966,-5.244077,1028.153
13,51.806612,-2.2198869,1096.1535
14,56.999526,-4.2251144,923.4056
15,52.06464,-0.32476992,1149.0488
16,56.182125,-4.6610125,938.9162
17,51.626448,-1.6411665,1126.0575
18,53.872416,-2.686855,1053.7795
19,54.489009,-7.0215079,1027.5403
20,53.227998,-4.0247568,1146.1699
21,58.252885,-4.4735821,929.2768
22,53.874357,-2.0785049,1043.7304
23,52.794621,-1.4833342,1069.5515
24,56.89797,-7.505489,1024.8664
25,53.59426,-0.41597218,1114.9554
26,52.429518,-3.2525114999999998,1070.1595
27,58.264258,-3.7924391,957.7996
28,51.804096,-2.7999957,1093.3111
29,57.557575,-2.4205209,987.1689
30,55.843864,-3.3600154,974.2627
31,56.426551,-5.6513987,932.9177
32,52.614812,-2.5193058,1059.3846
33,56.01724,-3.8473926,962.833
34,57.173399,-7.3808065,1006.7422
35,57.916094,-6.8154229,967.649
36,56.835072,-3.0679499,980.8584
37,51.986438,-1.7839163,1098.1727
38,51.420198,0.51455341,1172.1559
39,50.630101,-3.3454618,1157.4128
40,52.244297,-3.6867028,1100.6274
41,50.137509,-5.4308786,1167.872
42,53.420947,-2.9805068,1068.6064
43,52.336237,-0.46130334,1145.2336
44,51.083832,-1.0743092,1172.3315
45,51.896704,-2.0750001,1087.9256
46,54.771892,-1.4584693,1002.3386
47,54.393005,-7.1639498,1028.0594
48,52.960921,-3.8633585,1126.6826
49,57.980311,-4.6239114,939.1978
50,56.447752,-4.8418505,913.1644
51,54.518584,-6.2519234,1036.013
52,50.90397,-2.9266824,1161.9394
53,57.179051,-4.2358984,937.5259
54,52.147361,-4.1215199,1141.3798
55,54.951586,-2.5490029,994.8644
56,55.453053,-5.0862178,1028.6161
57,52.517804,-0.6023478,1126.0784
58,53.140691,-0.13369083,1129.0548
59,50.701402,-4.4804361,1121.2656
60,51.535986,-2.5069305,1117.3227
61,53.964048,-1.7738326,1044.3584
62,57.797286,-4.7789082,910.2867
63,56.564115,-3.2230268,984.1897
64,58.178019,-7.021165,968.1039
65,52.523296,-1.1917453,1119.21
66,52.885049,-2.3739198,1052.305
67,52.156427,-3.5371929,1100.7334
68,51.15367,0.35702467,1175.3476
69,50.44244,-3.9034816,1145.1817
70,51.716887,-1.9299515,1114.2737
71,57.992464,-3.9480117,968.9212
72,53.682006,-0.26126196,1116.6621
73,50.328767,-5.0230524,1146.9515
74,52.70528,-1.6323887,1065.4003
75,55.105033,-4.5889213,1033.8799
76,54.143788,-2.2320954,1034.3899
77,55.752177,-3.5161573,979.573
78,53.329799,-0.87627367,1098.0578
79,51.894896,-2.656284,1089.0559
80,57.646727,-2.5890814,985.2599
81,56.827745,-3.7232352,940.0088
82,53.06261,-1.1816897,1086.7777
83,52.663265,1.1769535,1112.9292
84,54.40656,-0.69297323,1069.7191
85,55.689015,-6.2190489,1020.5786
86,57.28086,-3.4125853,967.0144
87,52.251215,-3.1009919,1069.3001
88,50.976657,-4.2101597,1113.2973
89,55.401475,-2.3973197,978.4419
90,50.637675,-2.2143805,1170.9193
91,53.236671,-3.4257908,1097.1039
92,52.760601,0.88755596,1121.6634
93,51.608366,0.091647393,1143.9677
94,57.009499,-3.5669544,948.2995
95,52.071487,-0.90812962,1140.1111
96,51.267132,-2.2172995,1144.2121
97,54.586191,-3.3177807,1045.4859
98,55.835148,-3.9984351,995.7434
99,51.264663,-2.7905916,1137.3192
100,54.232702,-1.4655485,1057.8672
101,51.779389,-4.5391413,1150.117
102,57.520398,-5.0918803,886.5416
103,53.600733,-1.0202138,1078.8645
104,52.421825,-3.8405373,1096.611
105,52.773544,0.29533206,1150.2264
106,51.596661,0.66869205,1177.1803
107,54.411655,-1.3091461,1043.9104
108,50.986048,-3.6406789,1112.7893
109,57.601447,-5.4336321,870.2242
110,51.959142,0.54460948,1158.9272
111,51.446974,-1.786469,1133.2827
112,53.780424,-2.9888699,1065.4019
113,56.816981,-4.378137,913.149
114,53.057011,-0.58496184,1122.2486
115,55.222185,-1.7667607,1020.313
116,58.335544,-4.8210709,931.7698
117,54.11417,-4.6797662,1139.4437
118,56.477062,-2.8955239,1012.9265
119,55.132521,-2.0809624,992.6859
120,52.67432,0.73391942,1140.602
121,52.968765,-3.2680486,1055.8373
122,51.357228,-2.0741127,1135.9887
123,52.342422,-1.0482586,1128.5111
124,51.077918,-0.50341233,1156.9157
125,52.756904,1.0355372,1116.2806
126,53.153426,-1.3295026,1080.6691
127,56.556011,-3.8735703,938.7852
128,54.914672,-5.0448447,1046.8087
129,57.486405,-6.257572,938.6899
130,55.49071,-2.5564795,974.0819
131,50.8894,-4.0638354,1112.0114
132,57.189093,-3.5745529,959.988
133,55.77304,-6.3877046,1023.5458
134,52.162599,-2.952606,1073.5187
135,51.177395,-1.9307691,1150.2827
136,51.692702,0.38492975,1158.8929
137,54.323137,-2.3868507,1034.4406
138,57.507147,-5.5917794,895.0432
139,50.898069,-3.495377,1123.9124
140,53.148559,-0.73148334,1111.0673
141,56.544506,-4.523704,912.3137
142,52.509379,-0.013191427,1141.7681
143,51.872261,-4.3990922,1150.8449
144,57.605879,-5.2665897,859.0724
145,51.355455,-2.6485438,1135.9465
146,54.798001,-5.9699002,1032.0309
147,55.742665,-4.1530196,1005.2489
148,53.322634,-0.27590673,1119.2026
149,54.494568,-3.4692333,1058.5378
150,60.430502,-1.3672285,986.4819
151,52.686485,0.14279901,1147.3599
152,55.130489,-2.708291,967.8965
153,53.689265,-0.86672595,1089.8243
154,55.026934,-3.9580036,1008.6747
155,57.391113,-6.4130569,951.1178
156,55.574386,-3.3506838,967.4807
157,50.791243,-4.485191,1120.3395
158,52.073793,-2.8048089,1074.8582
159,57.10845,-2.4154177,1001.0265
160,55.878807,-5.9196757,1011.3702
161,51.613075,-3.8076289,1136.9831
162,53.863798,-0.4058075,1098.7384
163,58.533562,-3.8061666,959.4048
164,53.604716,-2.0780023,1040.209
165,52.404929,0.71722534,1145.7143
166,53.244059,-1.4779398,1073.0701
167,51.974697,-3.6765563,1118.3181
168,52.256151,-1.7826096,1068.5046
169,50.971031,0.49020975,1189.5736
170,57.620527,-7.4469337,992.652
171,56.38596,-3.0553454,1003.8448
172,56.695515,-5.6774325,931.121
173,53.064264,-2.5246978,1048.8208
174,52.599223,-0.0091281758,1143.9742
175,50.235235,-5.1573804,1155.958
176,55.216686,-3.1813555,947.6687
177,53.784481,-1.9265675,1042.3227
178,57.720485,-4.1012831,966.9811
179,51.96497,-4.2584658,1149.1652
180,54.703185,-6.1159276,1028.452
181,54.413006,-2.3876968,1032.7477
182,54.936593,-7.0772671,1017.8184
183,52.778818,-4.0038379,1113.2387
184,58.522069,-4.4925141,946.503
185,56.630839,-4.6925337,904.5942
186,52.416977,0.12970722,1143.7393
187,53.602794,-2.6824713,1050.0064
188,51.262423,-0.92740488,1152.8217
189,51.79503,-0.33477966,1163.1029
190,54.592757,-1.6156077,1012.0982
191,55.897495,-5.2814461,975.0893
192,52.076334,-2.2212112,1070.2528
193,56.928791,-2.413418,1024.5026
194,50.884131,0.3433925,1194.042
195,52.166426,-1.9292505,1073.0753
196,51.707048,-3.5219086,1131.7051
197,54.316712,-0.69582232,1073.9008
198,56.600957,-5.8312368,943.5141
199,53.154717,-2.3762603,1063.0982
200,52.39398,1.157564,1138.9193
201,56.294654,-3.2144051,990.1885
202,51.520987,-0.056506887,1146.6154
203,52.344392,-2.662922,1065.267
204,57.377266,-2.584753,981.2605
205,55.303064,-3.4989757,957.4886
206,58.990334,-3.1339067,962.525
207,52.974956,-1.630106,1054.4851
208,53.694403,-2.2296136,1036.1112
209,58.441275,-3.9727618,953.8293
210,54.131187,-0.24250443,1096.1069
211,53.691709,-2.8353482,1057.0707
212,56.716933,-4.8621346,902.676
213,54.661508,-7.1980405,1019.5421
214,52.69138,-3.8518572,1081.1168
215,58.428909,-4.6572266,934.6153
216,52.346229,-2.0757611,1047.5928
217,54.502303,-1.4620381,1030.1131
218,53.306111,-4.6288641,1183.7822
219,51.886871,-0.47669594,1150.2687
220,51.353554,-1.0688852,1146.8199
221,53.514649,-1.7762298,1053.4775
222,52.871159,-0.14528212,1142.3325
223,54.682005,-2.5453573,1029.0881
224,54.96666,-6.2992072,1017.49
225,51.1737,-2.9320804,1141.4083
226,54.32179,-1.3106521,1051.3408
227,57.448328,-4.2523134,948.2571
228,51.698126,-4.1004357,1146.9989
229,53.222638,0.31928188,1130.1529
230,51.620549,-3.2301073,1134.4874
231,53.870334,-1.0139252,1080.9709
232,57.890587,-4.6173674,933.1611
233,50.815097,-2.7829745,1173.2035
234,54.623651,-5.7978852,1045.564
235,52.048847,-4.5543967,1162.1701
236,57.071905,-5.0544493,905.2723
237,56.879556,-5.5312973,915.8021
238,55.035392,-3.3324868,977.3707
239,50.518635,-4.6119175,1149.3031
240,55.565757,-3.9847299,997.593
241,58.066423,-4.7998001,928.0772
242,56.368173,-4.3500982,935.473
243,55.20898,-3.8097629,991.2195
244,52.607676,-0.59948844,1125.4557
245,57.332451,-5.4084699,905.859
246,52.228591,0.55999388,1146.2785
247,50.997382,-1.7885365,1167.8843
248,55.671029,-2.4000485,994.8901
249,57.312722,-6.0712532,936.6263
250,53.424952,-1.9271862,1049.2341
251,55.12206,-6.9438222,1006.4919
252,51.981549,-3.0943661,1086.8469
253,56.063094,-5.7776486,984.9569
254,52.932531,1.1966532,1115.0707
255,56.378756,-3.702906,927.1404
256,52.613185,-1.1900915,1116.9415
257,55.19804,-4.4378058,1025.4191
258,50.817527,-2.2152038,1170.6132
259,52.116549,1.430106,1159.8767
260,51.25577,-0.35433655,1149.0837
261,51.801812,-0.91465527,1131.1612
262,56.657789,-2.7366833,1006.9535
263,52.43559,-1.6346354,1069.724
264,50.619796,-4.0520068,1123.4273
265,52.787351,-3.4110533,1039.0744
266,58.541386,-3.1193707,961.2033
267,52.878951,-0.7393643,1126.7391
268,56.275244,-4.5059324,919.3073
269,51.534421,-1.2093744,1135.3893
270,58.152283,-4.9765358,927.3252
271,60.609063,-1.1810843,999.632
272,51.167742,-3.5040843,1125.9429
273,54.165339,-6.0622711,1070.1234
274,56.892494,-5.0397809,904.8639
275,50.90763,-1.9311684,1173.3322
276,52.14185,0.40885776,1147.0779
277,57.058878,-5.548326,918.8658
278,54.138565,-0.85449677,1076.1495
279,55.14022,-6.4749091,1016.0031
280,56.092377,-4.654816,970.09
281,55.29371,-4.1286334,1008.2189
282,50.727254,-2.3564685,1170.0309
283,53.33487,-2.227676,1051.455
284,57.336838,-5.2426461,895.9945
285,51.085716,-2.6447629,1162.5669
286,54.349729,-5.9265019,1060.1356
287,51.892958,-1.0577812,1115.425
288,50.72778,-1.9314313,1188.5597
289,51.347583,-0.4946448,1156.2804
290,52.21046,1.2909308,1152.2505
291,53.332211,-2.8283058,1066.3216
292,51.087471,-2.0736792,1153.6756
293,52.699148,-3.2602183,1050.0898
294,58.449986,-3.2878104,962.5002
295,56.746542,-2.9019266,993.5759
296,52.943695,0.75088085,1135.8658
297,51.15899,-4.0758472,1117.22
298,57.458473,-3.5861192,967.6288
299,51.713121,-2.9431305,1105.7917
300,55.939944,-2.5629057,1006.3214
301,52.883771,-1.3336684,1096.858
302,57.826591,-6.8034534,966.5243
303,60.251675,-1.5513362,977.7272
304,51.52912,-0.63282898,1141.4941
305,56.286632,-3.8603689,929.149
306,52.524918,-2.5182445,1059.3098
307,52.958584,0.0073419108,1145.2957
308,56.095727,-4.4942535,977.1586
309,54.143989,-1.9259351,1041.0023
310,54.34463,-6.0799609,1054.726
311,51.082568,-3.0730131,1139.4006
312,57.361427,-4.0807099,954.7637
313,54.772468,-2.3911283,1014.7138
314,54.578532,-7.0325373,1022.1397
315,53.138165,-4.0205282,1145.5589
316,58.163154,-4.4673472,937.0607
317,53.962287,-2.6883321,1053.3988
318,56.271871,-4.6672446,931.117
319,51.536537,-1.6418735,1129.8422
320,52.154506,-0.32139828,1156.9201
321,56.909761,-4.2197694,921.2098
322,50.902801,-0.93568768,1210.6576
323,55.538676,-5.2514668,1024.7959
324,51.716703,-2.2194501,1101.1307
325,54.170404,-5.9094732,1075.4515
326,54.952209,-1.6121874,1002.1736
327,51.219009,1.3629122,1219.4575
328,57.032852,-6.3704241,967.603
329,55.933687,-3.3631613,979.7253
330,51.714194,-2.7984079,1106.949
331,57.467753,-2.4194882,985.6434
332,58.174487,-3.7879182,956.4263
333,53.504411,-0.41932393,1112.0229
334,52.519396,-3.2550669,1062.2386
335,52.884511,-1.4822668,1064.0238
336,53.964235,-2.0786743,1041.075
337,53.331074,-2.9784441,1073.3028
338,52.33416,-3.6901206,1094.1598
339,50.720004,-3.3480353,1162.0253
340,51.330368,0.50963435,1173.9048
341,51.896531,-1.7843473,1106.8833
342,58.005594,-6.8274638,962.4268
343,56.745252,-3.0653998,984.5401
344,57.262831,-7.3938773,1002.9682
345,56.107039,-3.8516933,952.5987
346,52.704706,-2.5203728,1061.2322
347,56.358021,-4.8351666,925.6488
348,54.051184,-2.8425447,1059.1227
349,53.050765,-3.8672333,1131.594
350,58.070034,-4.6304947,939.1696
351,54.861752,-1.4572665,1008.199
352,51.312809,1.2262456,1223.7632
353,51.986611,-2.0751507,1082.0031
354,50.993922,-1.0760986,1179.6518
355,52.246367,-0.46441425,1154.346
356,53.874171,-1.7743173,1045.3987
357,57.887,-4.7858307,917.5883
358,50.347627,-4.180812,1146.4446
359,51.625896,-2.5079324,1110.0146
360,50.611558,-4.4757053,1122.6116
361,53.230532,-0.1297856,1123.9464
362,52.427931,-0.60519209,1145.5826
363,59.078474,-3.3112815,966.4325
364,55.041443,-2.5502316,980.1426
365,57.089289,-4.2304907,934.2273
366,52.057517,-4.1172588,1143.1571
367,54.608204,-6.2612761,1028.4863
368,50.814058,-2.9249014,1162.2615
369,51.806798,-1.9298128,1108.5074
370,50.532321,-3.9070977,1144.1361
371,51.243513,0.36161565,1171.5185
372,52.066554,-3.534104,1107.4993
373,52.112214,1.5758664,1159.3726
374,52.795157,-2.373148,1053.3643
375,52.433405,-1.1933903,1098.3716
376,56.653932,-3.225934,979.0648
377,58.088547,-7.0085582,974.9894
378,51.984798,-2.6575978,1081.4211
379,53.419668,-0.87390599,1093.6063
380,55.662357,-3.5126821,974.4347
381,54.053913,-2.2315936,1037.5618
382,52.615385,-1.6331416,1063.4986
383,55.1948,-4.5947447,1030.3934
384,53.771845,-0.25755108,1113.9546
385,58.082229,-3.9529024,968.8782
386,50.727601,-2.2147911,1171.632
387,55.311621,-2.3964203,975.7216
388,57.37066,-3.416036,969.3019
389,52.3411,-3.1032238,1075.6338
390,54.496406,-0.69010845,1060.0367
391,52.573505,1.1704562,1119.5122
392,52.972728,-1.183388,1090.8384
393,56.115007,-3.2087392,996.0774
394,56.73795,-3.7191222,939.0448
395,55.491346,-1.6069118,1051.1003
396,51.177214,-2.2168761,1150.3235
397,52.161376,-0.90593154,1139.3999
398,56.919699,-3.5631883,944.8976
399,50.896233,-0.36704183,1180.5169
400,56.298459,-2.7297531,1031.3665
401,51.518512,0.087527729,1143.0294
402,52.850381,0.89351418,1121.0319
403,53.14681,-3.4228118,1089.3228
404,56.573252,-6.6430683,1035.6331
405,53.510863,-1.0222874,1081.6245
406,52.511678,-3.8442907,1090.7205
407,54.32257,-1.4643848,1055.7322
408,57.430703,-5.0843058,897.2476
409,51.174753,-2.7890525,1156.6469
410,55.924941,-4.0030555,986.9915
411,54.676034,-3.3206894,1033.9849
412,55.132327,-1.7672842,1012.9056
413,58.425247,-4.8282471,936.4974
414,52.967147,-0.58789816,1126.0344
415,56.727223,-4.3724642,914.0338
416,51.357058,-1.7868868,1138.7531
417,51.869323,0.53953475,1160.9375
418,57.691108,-5.4421191,879.4747
419,51.075933,-3.6438569,1108.8659
420,54.501518,-1.3076317,1035.9402
421,50.988027,-0.50630488,1176.5356
422,52.252532,-1.0501831,1129.9175
423,51.447144,-2.0742587,1132.4515
424,51.851423,1.2646521,1177.5707
425,53.058634,-3.2706866,1058.1545
426,55.22238,-2.0811454,995.2135
427,52.584525,0.7283253,1141.8763
428,56.387232,-2.8934141,1027.2235
429,57.099296,-3.5707426,952.5611
430,52.072706,-2.950691,1078.1817
431,50.799534,-4.0598723,1118.8135
432,57.396826,-6.2471601,941.0353
433,55.58056,-2.5577502,981.3135
434,56.645801,-3.8780217,948.3108
435,53.243309,-1.328099,1077.8223
436,52.846672,1.0417996,1116.6386
437,52.419533,-0.017233276,1133.0958
438,56.634257,-4.5296963,912.6654
439,53.238426,-0.72882815,1107.4396
440,58.511045,-5.0068785,946.443
441,54.590394,-1.1513714,1036.0396
442,50.808175,-3.4925042,1130.7053
443,57.417497,-5.5829863,903.6807
444,51.782535,0.38966556,1157.6491
445,54.233267,-2.3860092,1034.9683
446,51.267314,-1.9306346,1141.1875
447,53.779128,-0.86430661,1092.9226
448,52.596651,0.13841199,1145.2011
449,55.220341,-2.7098866,963.963
450,53.41248,-0.27227506,1116.0471
451,54.404728,-3.4660191,1066.2669
452,55.652877,-4.1480872,1007.2701
453,51.445366,-2.6498171,1128.7327
454,54.708351,-5.9611247,1035.0066
455,51.96209,-4.403888,1153.8311
456,57.695556,-5.2746657,873.6723
457,53.154174,-1.4790303,1074.9455
458,53.514833,-2.0778366,1039.5029
459,52.494728,0.72276068,1143.5751
460,53.953641,-0.40238236,1110.4823
461,52.163689,-2.8064302,1070.6849
462,57.198278,-2.4164264,995.8831
463,50.881083,-4.4899704,1119.9154
464,57.480672,-6.4238722,947.4542
465,55.484557,-3.3476083,954.1762
466,54.937124,-3.9536356,1010.3315
467,56.785166,-5.6862111,932.898
468,52.974377,-2.5236079,1051.7321
469,56.475785,-3.0578373,1002.9748
470,51.060868,0.4950285,1187.0321
471,52.346053,-1.7821695,1059.5693
472,51.884828,-3.6732094,1120.9167
473,54.502873,-2.3885476,1029.7223
474,55.72614,-4.9484522,1016.2549
475,54.792818,-6.1250438,1022.9591
476,57.630723,-4.096094,962.089
477,51.875132,-4.2539595,1148.2291
478,53.694601,-1.9267234,1042.3022
479,52.689066,-0.0050433698,1145.8972
480,50.325031,-5.1633323,1152.9704
481,55.126846,-3.1787009,964.7028
482,52.166238,-2.2216573,1062.2382
483,54.682622,-1.6147597,1001.5935
484,51.705158,-0.33808158,1156.4352
485,51.17252,-0.92949159,1166.5529
486,52.506815,0.13404811,1144.0841
487,53.512917,-2.6810258,1050.6387
488,56.5411,-4.6861567,911.2312
489,54.847082,-7.0659919,1011.173
490,52.868657,-4.0079772,1137.8861
491,56.204831,-3.211564,992.7573
492,51.610849,-0.052671053,1149.7327
493,52.483744,1.1639931,1138.8666
494,56.511319,-5.8221768,944.979
495,53.244604,-2.3770488,1055.3832
496,51.796927,-3.5249337,1124.2687
497,54.226863,-0.69865582,1078.1092
498,52.076521,-1.9293922,1074.4719
499,57.018621,-2.4144149,1008.9153
500,54.041354,-0.24629686,1101.1452
501,58.351516,-3.967752,950.2996
502,53.784282,-2.2301046,1040.7449
503,53.064846,-1.629337,1076.9119
504,56.028948,-2.7246589,1007.148
505,54.844714,-4.1049208,1044.8823
506,55.39289,-3.5023734,958.3848
507,57.564256,-6.6013932,956.7286
508,50.973876,-4.3524786,1119.256
509,52.254496,-2.6615805,1061.8063
510,55.694373,-6.0603939,1015.3984
511,57.287444,-2.5833272,980.7262
512,51.443458,-1.0670585,1142.9123
513,51.976748,-0.47364958,1146.8856
514,54.412437,-1.4632147,1040.9352
515,52.256326,-2.0756073,1059.2321
516,54.751003,-7.2095295,1013.4255
517,52.60153,-3.8480639,1085.2396
518,58.339193,-4.6504831,928.9673
519,54.059388,-6.5106158,1068.8181
520,56.806656,-4.8689746,902.0781
521,53.78158,-2.8371327,1058.7625
522,54.231924,-1.3121499,1058.9621
523,57.538083,-4.2578499,950.7722
524,51.787976,-4.1046086,1145.2561
525,54.87705,-6.2896456,1018.5955
526,51.263607,-2.9338984,1138.2583
527,55.811935,-5.1145838,1003.129
528,54.592143,-2.5441555,1041.7332
529,52.781311,-0.14910491,1143.7723
530,53.604532,-1.7757555,1051.2256
531,55.475957,-3.9802128,996.4501
532,50.428798,-4.6069684,1149.85
533,57.717058,-7.2932982,983.8617
534,56.969218,-5.5397869,918.631
535,52.138663,-4.5595353,1169.7274
536,57.161607,-5.0618479,904.7048
537,50.905013,-2.7844823,1167.2248
538,54.53398,-5.7895432,1051.4075
539,53.960199,-1.0118061,1077.8635
540,57.80086,-4.6108623,926.9268
541,51.530657,-3.2276823,1143.986
542,53.132822,0.31444065,1135.6688
543,54.771099,-1.3030383,1017.517
544,51.087303,-1.7881272,1162.4804
545,52.318404,0.56517604,1143.4172
546,57.242781,-5.4001807,905.2312
547,55.119165,-3.8056982,995.5062
548,52.697546,-0.59661391,1129.8828
549,56.457938,-4.3556414,913.1211
550,54.139878,-2.9974163,1063.8154
551,54.357697,-7.930044,1031.8376
552,57.976713,-4.7927945,926.7956
553,52.703073,-1.1884289,1114.6556
554,55.108262,-4.4323336,1029.004
555,56.468557,-3.7069251,934.1602
556,57.640052,-3.4265114,975.502
557,51.891657,-3.0921805,1093.5368
558,55.032533,-6.9327669,1012.4287
559,53.335066,-1.9273388,1055.4774
560,55.760878,-2.4009684,1000.722
561,57.22312,-6.0613622,941.2244
562,52.877218,-3.4139695,1050.2007
563,58.631178,-3.1222425,954.0536
564,50.709666,-4.0559295,1120.922
565,52.525488,-1.6338904,1067.7753
566,56.567959,-2.7349357,1018.3528
567,51.711918,-0.91680788,1134.3944
568,51.165888,-0.35753742,1157.4218
569,52.026804,1.4232282,1164.9192
570,50.90745,-2.2156187,1167.6988
571,57.148536,-5.5569151,915.3273
572,52.052024,0.40402202,1154.3448
573,56.9822,-5.0470937,905.5349
574,50.817705,-1.9313002,1184.1903
575,54.254986,-6.0710919,1062.5959
576,56.185486,-4.5000763,960.8861
577,51.624325,-1.2078133,1132.5796
578,52.789078,-0.74196342,1131.1051
579,50.995799,-2.6435155,1171.6351
580,54.439388,-5.9350864,1052.6264
581,57.247153,-5.2347584,903.6391
582,53.424755,-2.2281565,1038.6027
583,50.637328,-2.3557874,1168.7321
584,55.383504,-4.1334559,1007.4089
585,53.045806,0.16058185,1141.6413
586,56.002627,-4.6486547,985.4484
587,55.050633,-6.4648934,1016.2431
588,54.048708,-0.8569693,1083.0842
589,56.836366,-2.9040857,989.4216
590,52.609273,-3.2576357,1056.619
591,58.360196,-3.2845382,966.5219
592,50.99755,-2.0735362,1167.4262
593,53.422088,-2.8300522,1061.5591
594,52.300214,1.297587,1143.8001
595,51.437468,-0.49169199,1153.5767
596,50.637852,-1.9315617,1188.388
597,51.982854,-1.0558966,1111.8144
598,52.435022,-2.5171887,1055.7178
599,51.619007,-0.63012973,1139.076
600,56.196836,-3.8560187,940.9974
601,52.793883,-1.3350422,1104.8083
602,55.8501,-2.5616058,1000.8922
603,57.548263,-3.5900203,969.3629
604,51.803019,-2.9450059,1096.9587
605,53.04833,-4.0163222,1143.8688
606,58.073421,-4.4611496,945.323
607,54.052157,-2.6898173,1046.5932
608,56.361616,-4.6735125,914.9298
609,52.244372,-0.31800891,1155.4449
610,50.992709,-0.93363292,1188.0521
611,51.986428,-2.2207675,1080.084
612,54.862348,-1.6130496,998.0193
613,51.308772,1.3694761,1228.4831
614,52.429574,-0.75222314,1141.1851
615,53.228088,0.019926774,1126.9317
616,50.145436,-5.1514585,1181.0966
617,51.626433,-2.3634758,1108.1792
618,53.87436,-1.9264107,1044.3114
619,57.883191,-4.9542525,907.4269
620,54.61355,-6.1068617,1033.283
621,50.812846,-3.0668192,1159.6331
622,57.092117,-4.0655951,941.2176
623,52.054807,-4.2629958,1150.1447
624,55.04205,-2.3937522,984.3173
625,52.064565,-3.6799208,1112.0222
626,51.240536,0.50474063,1186.4263
627,51.806622,-1.7847761,1112.4552
628,56.655431,-3.0628643,989.0254
629,58.095092,-6.8395768,962.0023
630,52.434316,-1.3404654,1086.5643
631,56.994526,-7.3548925,1016.9522
632,50.635294,-1.2245505,1213.4524
633,56.247231,-5.6342906,951.4407
634,52.794597,-2.5214454,1059.256
635,55.664214,-3.3537768,976.5308
636,57.301552,-6.4023049,955.0263
637,53.420991,-1.0243499,1084.5183
638,51.983895,-2.8031961,1080.3225
639,58.084715,-3.7834244,976.8741
640,53.773954,-0.40921409,1110.424
641,52.614835,-1.4854521,1072.3867
642,55.191359,-4.7516511,1037.6136
643,54.054111,-2.0788445,1038.7241
644,50.437493,-4.1849407,1146.1507
645,54.143798,-1.7728554,1045.6397
646,56.098868,-4.3336578,975.6013
647,52.961004,-0.14143894,1138.8809
648,58.988694,-3.3078666,965.0491
649,54.771867,-2.5465657,1017.1431
650,57.358571,-4.2468096,941.284
651,52.327044,-4.1301093,1136.9437
652,54.339337,-6.2333713,1056.4359
653,51.083792,-2.9302718,1158.2919
654,56.268289,-4.828521,931.9082
655,51.536009,-1.4977015,1131.5478
656,53.961317,-2.8407309,1059.5067
657,54.57201,-7.1866145,1021.3243
658,53.140607,-3.8711288,1133.1315
659,58.159756,-4.6371175,929.1624
660,54.951611,-1.456057,1008.4666
661,51.223033,1.2199596,1217.2394
662,51.716884,-2.0747012,1113.534
663,56.912568,-4.055665,933.1313
664,50.904011,-1.0778789,1201.7143
665,52.156495,-0.46750885,1151.1606
666,51.715088,-2.6536771,1104.392
667,57.467088,-2.5861873,989.1331
668,55.931812,-3.5231671,969.0746
669,53.964038,-2.2310946,1040.3397
670,52.885065,-1.630871,1058.9497
671,53.502323,-0.2686238,1113.347
672,52.517742,-3.4023971,1066.6082
673,58.171993,-3.9578225,954.1841
674,51.896707,-1.9296733,1102.1448
675,51.333354,0.36623036,1158.6504
676,52.336169,-3.5434196,1087.7565
677,52.201943,1.5830726,1154.3294
678,56.332036,-5.8042124,967.2259
679,52.705263,-2.3723802,1053.1911
680,56.109344,-3.6909864,960.2601
681,57.999072,-6.9960265,973.8675
682,56.743748,-3.2288581,975.3097
683,55.401493,-1.6078034,1050.7444
684,51.446964,-2.2181531,1134.0628
685,52.251263,-0.90372189,1138.6102
686,50.986119,-0.36388995,1182.7886
687,55.222174,-2.2383372,986.4896
688,52.581035,0.87573386,1138.8783
689,53.056947,-3.4198486,1061.6448
690,55.008226,-4.8955084,1042.2835
691,57.402322,-6.0812024,932.1105
692,55.581179,-2.3991338,989.1695
693,50.796942,-4.2016673,1120.0463
694,57.101256,-3.4057442,954.8497
695,55.868225,-6.2384911,1021.4854
696,52.071439,-3.0965631,1080.9755
697,52.842778,1.1900517,1113.1872
698,53.24237,-1.1782658,1084.8062
699,56.648154,-3.7150329,953.8798
700,58.514949,-4.8354667,941.7805
701,53.236735,-0.5790419,1114.5286
702,56.637463,-4.3668242,914.0869
703,52.421907,-0.16419503,1118.4662
704,53.600688,-2.9846658,1064.2012
705,51.267141,-1.7873024,1144.2482
706,51.779501,0.53448641,1162.3206
707,54.232677,-2.5394139,1040.0703
708,57.422118,-5.4168079,894.8011
709,50.806274,-3.6343717,1122.4187
710,54.591379,-1.306109,1027.7273
711,52.593895,0.28592901,1145.6708
712,55.219325,-2.8670545,956.6758
713,53.780469,-1.0160328,1083.8427
714,51.95903,-4.549285,1156.7921
715,57.699782,-5.1071642,882.5447
716,51.44448,-2.7936939,1130.8364
717,54.71332,-5.8062734,1040.4212
718,55.655556,-3.9892725,998.8895
719,53.414561,-0.42265767,1111.9988
720,54.4065,-3.3120111,1061.9368
721,57.368681,-3.5822411,966.2265
722,52.34238,-2.9564663,1074.077
723,51.069128,-4.0718227,1114.4706
724,50.716384,-3.6312422,1152.0088
725,55.311008,-2.5539593,967.1814
726,57.665554,-6.2785808,937.9819
727,56.735589,-3.882499,932.0753
728,52.973657,-1.3322872,1086.0132
729,52.577362,1.0231113,1134.0517
730,56.921645,-3.3989827,953.7743
731,50.898135,-0.50918262,1188.4272
732,52.162641,-1.0520976,1131.3201
733,60.607821,-0.99846533,1000.6088
734,51.177392,-2.0738229,1148.1557
735,53.148502,-3.2733388,1085.7158
736,52.853905,0.74519699,1136.688
737,56.297402,-2.8913165,1023.909
738,51.51586,0.23154105,1152.1564
739,53.509535,-0.87152554,1089.9915
740,52.50929,-3.9915509,1102.1327
741,52.866149,0.15164314,1158.2017
742,60.250942,-1.3706944,973.8561
743,54.674244,-3.4757151,1037.4217
744,55.922236,-4.1629685,991.3682
745,51.17563,-2.6460167,1161.7099
746,54.977294,-5.9875976,1031.6469
747,54.323154,-1.6181238,1050.6756
748,57.42652,-5.2505803,892.1415
749,56.724006,-4.5357235,911.5591
750,52.968822,-0.73675132,1118.877
751,55.132525,-1.9241228,1003.5009
752,58.421358,-4.999224,938.929
753,54.500535,-1.1532337,1042.1349
754,53.312347,-4.3289886,1169.2763
755,51.077853,-3.501167,1116.9779
756,57.686439,-5.6095221,894.5039
757,51.872367,0.3944261,1157.7173
758,51.357231,-1.9304994,1135.0518
759,56.516208,-5.6600267,930.8985
760,53.244035,-2.5268953,1057.4594
761,52.487588,1.0169475,1139.937
762,56.206305,-3.0504045,1003.4461
763,51.613155,-0.19700946,1150.3006
764,60.785852,-0.80924643,994.5507
765,57.017967,-2.5790995,1002.5717
766,52.076344,-1.783483,1086.9101
767,51.794957,-3.6698799,1126.2611
768,54.225109,-0.5453164,1082.6745
769,53.064288,-1.4801149,1053.2134
770,53.784478,-2.0783365,1041.3496
771,58.354028,-3.7969873,958.7348
772,54.043483,-0.39893853,1103.5662
773,52.253584,-2.8080601,1066.4552
774,57.288104,-2.417441,995.9149
775,50.970922,-4.4947743,1120.0247
776,55.394727,-3.34455,946.7975
777,54.847313,-3.9492919,1032.9534
778,55.71809,-5.2663717,1010.1956
779,52.256141,-2.2221057,1061.5096
780,54.413023,-1.6172897,1036.8726
781,53.399125,-4.48416,1171.4171
782,51.974772,-0.32812395,1149.7865
783,51.442225,-0.92319899,1145.1085
784,53.782543,-2.6853858,1053.0808
785,56.810312,-4.7053989,904.7697
786,54.757568,-7.0547788,1012.9861
787,52.599134,-3.9956249,1113.1713
788,58.342615,-4.4798547,932.5456
789,54.59274,-2.3894031,1022.8398
790,54.882448,-6.1342105,1027.154
791,54.230952,-1.1587596,1061.37
792,51.785292,-4.2494766,1148.07
793,53.604719,-1.9268785,1047.0563
794,52.778907,-0.00093685649,1148.0627
795,53.951519,-0.25006868,1106.3834
796,53.514639,-2.2286396,1035.6687
797,52.491249,0.86986953,1141.668
798,53.154734,-1.6285638,1072.7504
799,54.934516,-4.1096106,1027.5761
800,57.47472,-6.5901086,959.5783
801,55.482714,-3.5057903,960.5053
802,50.884028,-4.3479481,1118.8383
803,52.164598,-2.6602459,1068.1326
804,57.19762,-2.5819097,994.1761
805,56.474296,-3.2201364,986.3166
806,52.97494,-2.3746958,1049.7078
807,51.886804,-3.5279745,1105.7323
808,52.346232,-1.9289649,1050.2789
809,51.063825,0.35245725,1180.8031
810,57.627837,-4.2634192,952.8442
811,51.877825,-4.1088034,1145.3105
812,54.787437,-6.2801368,1019.2947
813,51.353513,-2.9357257,1133.8905
814,54.502278,-2.5429603,1050.7521
815,52.691463,-0.15290746,1143.744
816,55.128262,-3.0219098,966.0115
817,53.694413,-1.7752787,1045.7564
818,51.173741,-1.0725105,1167.7858
819,51.707115,-0.48274118,1158.5781
820,54.316652,-3.30915,1067.1832
821,54.68203,-1.4596655,1008.1375
822,55.803446,-5.4331487,1006.5182
823,52.166423,-2.0754543,1061.8718
824,54.840495,-7.2210821,1011.9966
825,52.871075,-3.8595043,1095.9151
826,56.537481,-4.8485729,910.5677
827,52.504068,0.28126467,1145.278
828,53.511963,-2.831808,1058.4355
829,54.24971,-6.2241711,1063.9454
830,56.978088,-5.2113705,907.5113
831,50.817536,-1.7893487,1189.1558
832,52.04896,0.54971079,1152.365
833,57.15311,-5.39194,910.6127
834,52.787414,-0.59372409,1134.844
835,56.188638,-4.3391066,944.5273
836,51.625211,-1.3522582,1130.0902
837,53.87029,-2.9909891,1065.4604
838,54.447085,-7.9429992,1029.966
839,58.245839,-4.813938,928.7652
840,50.338959,-4.6020443,1143.826
841,55.386156,-3.975721,996.24
842,54.855716,-3.3265554,1006.2893
843,50.624432,-3.7694391,1145.3144
844,53.424948,-2.0776718,1044.2369
845,57.251308,-5.06929,900.2937
846,50.994927,-2.7859979,1167.404
847,54.444308,-5.7812469,1058.0874
848,54.050062,-1.0096755,1074.8357
849,55.044799,-6.6209093,1014.7187
850,55.999081,-4.8088107,978.2334
851,50.524621,-4.3300558,1122.7098
852,52.607613,-3.4052672,1055.441
853,56.837446,-2.740209,998.1759
854,51.981597,-0.91031622,1134.7781
855,51.43553,-0.34788502,1146.8508
856,52.296033,1.4439701,1147.4938
857,53.423039,-2.6795881,1053.6503
858,50.997373,-2.2160357,1165.3768
859,52.792959,-1.1867576,1111.6596
860,51.620603,-0.77453324,1137.5729
861,56.19915,-3.6949369,945.2791
862,52.435574,-2.3701012,1049.802
863,57.550256,-3.4229989,973.5691
864,51.801764,-3.0900063,1102.5221
865,55.850725,-2.4018935,1009.0895
866,50.905882,-2.6422745,1174.6273
867,54.529045,-5.9437181,1045.9223
868,52.141743,-4.4135551,1159.365
869,57.157467,-5.2269168,903.8225
870,56.973761,-5.3756024,911.5795
871,55.473297,-4.1383056,1007.7921
872,53.135632,0.16508709,1134.8211
873,51.529059,-3.3718009,1150.5149
874,53.958849,-0.85942839,1086.7044
875,57.804211,-4.4427779,943.6591
876,57.238192,-5.5655546,910.0511
877,52.321497,0.41860567,1147.1975
878,51.087475,-1.9309029,1161.4712
879,57.97289,-4.9616359,919.4737
880,54.138513,-3.1504523,1068.4782
881,56.454754,-4.517746,913.0458
882,55.121388,-3.6489779,977.4771
883,52.699204,-0.74454877,1135.135
884,55.978234,-5.6089924,975.2904
885,56.46622,-3.8691445,930.0112
886,52.703993,-1.3364088,1108.0146
887,55.11129,-4.2757155,1021.9956
888,55.760254,-2.5603134,997.0081
889,57.217662,-6.226519,949.4146
890,53.33488,-1.7771707,1062.5373
891,55.038766,-6.7768677,1013.2153
892,51.892916,-2.946891,1089.8618
893,56.56689,-2.8976458,1009.7588
894,52.524941,-1.4865026,1075.7549
895,52.878894,-3.2654246,1051.1409
896,58.629561,-3.2944144,952.1073
897,50.726043,-2.6398116,1167.7587
898,50.907627,-2.0733939,1173.461
899,52.030946,1.2777228,1165.1648
900,51.167808,-0.50050487,1162.4999
901,51.713162,-1.0615211,1131.9851
902,54.772486,-1.613907,992.2521
903,51.896521,-2.220326,1088.403
904,51.082615,-0.93156758,1174.746
905,52.334235,-0.31460168,1133.0194
906,56.451359,-4.6798164,911.6958
907,54.142026,-2.6913107,1045.1859
908,52.958494,-4.0121386,1139.8916
909,57.983686,-4.4549891,946.2394
910,54.952191,-2.3928727,996.67
911,57.181888,-4.0706039,945.3429
912,52.144642,-4.2675495,1149.8714
913,54.523912,-6.0978455,1040.4634
914,50.902755,-3.0688733,1157.5415
915,53.964238,-1.926253,1042.6541
916,57.79349,-4.946913,898.1599
917,51.536521,-2.3627587,1115.3625
918,50.722935,-3.0647757,1160.4902
919,53.138255,0.015709379,1132.3055
920,50.055636,-5.1455665,1161.6042
921,52.519452,-0.74967853,1139.8974
922,52.884488,-2.5225238,1056.4304
923,50.725213,-1.2230677,1217.0856
924,52.52421,-1.3391204,1083.6316
925,56.565609,-3.0603436,996.6582
926,58.184586,-6.8517625,964.0232
927,51.716712,-1.7852026,1122.3688
928,51.150703,0.49987207,1180.2894
929,52.154432,-3.6833029,1106.1071
930,54.143986,-2.0790157,1037.2228
931,52.704729,-1.484396,1074.1807
932,55.101603,-4.7454765,1036.7109
933,53.684108,-0.41260228,1112.2842
934,51.893996,-2.8015917,1086.4582
935,57.647396,-2.4215597,991.5864
936,53.331118,-1.0264013,1088.7338
937,55.754039,-3.3568872,980.3987
938,54.428962,-6.2426219,1043.1616
939,50.993882,-2.9284725,1160.6811
940,57.268812,-4.241338,939.8045
941,52.237203,-4.1258033,1138.0459
942,54.861727,-2.5477809,1005.6692
943,58.898913,-3.3044726,965.3811
944,53.050848,-0.13757523,1134.1426
945,56.009097,-4.32824,984.5621
946,54.053924,-1.7733454,1044.4942
947,50.527358,-4.1890905,1145.2728
948,52.066622,-0.47058726,1153.8681
949,57.002343,-4.0606156,938.7118
950,50.814098,-1.0796501,1226.6719
951,51.806795,-2.0748502,1106.8417
952,54.264955,-5.7647902,1073.5853
953,55.041469,-1.4548407,1014.58
954,51.133255,1.2137059,1210.1111
955,54.482509,-7.1752511,1023.3946
956,53.230448,-3.8750452,1134.3398
957,58.249475,-4.6437802,932.7548
958,53.871449,-2.8389269,1059.1071
959,56.178555,-4.8219133,938.8893
960,51.625918,-1.4967098,1127.9098
961,58.261755,-3.9627723,950.3677
962,53.592166,-0.26495282,1119.8118
963,52.427869,-3.3995421,1073.117
964,57.771175,-5.7862352,905.9356
965,50.418574,-5.0287703,1148.0299
966,52.795173,-1.6316318,1062.7824
967,53.874161,-2.2305982,1040.8743
968,55.841995,-3.5196522,967.7688
969,51.804993,-2.6549772,1096.8816
970,57.556908,-2.5876301,984.8779
971,56.833562,-3.2317992,971.9466
972,56.019538,-3.6870584,967.7068
973,56.421678,-5.8131688,949.1862
974,52.615368,-2.3716165,1054.5865
975,52.291669,1.5903167,1147.5634
976,52.246299,-3.5402981,1094.5185
977,51.423194,0.37086896,1163.5772
978,50.605211,-4.758053,1129.8295
979,50.352558,-3.8998838,1145.755
980,51.986615,-1.9295331,1083.4703
981,52.967083,-3.4169012,1057.0326
982,55.132316,-2.237801,985.2713
983,52.670819,0.88162926,1134.7889
984,56.478127,-2.7331982,1020.7399
985,51.076005,-0.36072185,1168.4201
986,52.341149,-0.9015006,1137.277
987,51.357049,-2.2177252,1137.8045
988,55.311639,-1.6086901,1039.2323
989,56.558356,-3.7109673,943.2213
990,53.152491,-1.1799823,1087.1141
991,52.753022,1.1834852,1111.6463
992,57.191059,-3.4091547,962.8838
993,55.778621,-6.2287425,1021.1402
994,52.161327,-3.0987717,1075.3468
995,50.886801,-4.2059026,1118.745
996,55.491328,-2.3982242,983.4449
997,54.918479,-4.8890553,1047.8856
998,54.68124,-1.3045779,1021.2701
999,56.471188,-6.9556503,1060.3608
1000,50.896161,-3.6375172,1117.7222
1001,57.511783,-5.4251952,881.0147
1002,51.689678,0.52946429,1166.5145
1003,54.322546,-2.5405895,1038.6114
1004,51.177223,-1.7877159,1149.5649
1005,52.51176,-0.16045237,1121.7572
1006,53.510818,-2.9825807,1065.6998
1007,56.547701,-4.3612167,913.1101
1008,53.146873,-0.58200979,1118.9783
1009,53.324709,-0.42597352,1115.0241
1010,54.496346,-3.314888,1054.8143
1011,55.745352,-3.9938408,998.688
1012,51.354572,-2.7921388,1130.4758
1013,54.802986,-5.814708,1036.0863
1014,51.86921,-4.5441999,1152.7128
1015,57.610091,-5.0994996,876.0688
1016,53.690601,-1.0181289,1076.3596
1017,52.68372,0.29061808,1147.744
1018,55.129476,-2.8651058,966.1906
1019,52.667134,1.0293078,1118.1397
1020,53.063542,-1.3308986,1058.3716
1021,56.825376,-3.8870023,934.7952
1022,54.824936,-5.0380826,1052.8313
1023,55.40086,-2.5552158,969.0408
1024,57.575981,-6.2680454,938.5121
1025,50.626493,-3.6281287,1151.3173
1026,50.979265,-4.0678188,1112.8187
1027,57.278887,-3.5783857,964.0368
1028,52.25249,-2.9545311,1068.3511
1029,54.404795,-0.53896464,1074.9532
1030,56.207569,-2.8892308,1011.4193
1031,51.605706,0.2359444,1151.0618
1032,52.764113,0.73954325,1137.6812
1033,53.238369,-3.2760051,1085.7385
1034,51.267311,-2.0739674,1142.247
1035,52.072748,-1.0540021,1136.4673
1036,57.011451,-3.4023536,945.9592
1037,50.80824,-0.51204565,1197.1336
1038,54.233284,-1.6189533,1053.0287
1039,51.78243,-4.3943213,1149.411
1040,57.516201,-5.2585614,876.2035
1041,51.265543,-2.647277,1159.4032
1042,54.887649,-5.9787244,1035.0764
1043,55.832452,-4.1579799,996.6915
1044,54.584407,-3.4724653,1048.9674
1045,52.776318,0.14720934,1151.7089
1046,53.599401,-0.86913223,1086.7337
1047,52.419445,-3.9874983,1106.7796
1048,51.447147,-1.9303635,1128.7617
1049,51.962196,0.39921153,1156.4012
1050,57.596794,-5.6006245,890.6236
1051,50.987962,-3.4982645,1118.5348
1052,54.410676,-1.1550858,1048.339
1053,53.402158,-4.3338933,1163.5715
1054,55.222384,-1.9239525,1006.9211
1055,58.331668,-4.9916156,934.4421
1056,53.058691,-0.73412436,1114.6396
1057,56.813754,-4.5417856,908.7999
1058,51.705084,-3.6665677,1132.2112
1059,54.314953,-0.54214923,1078.9105
1060,52.166248,-1.7830475,1077.5846
1061,56.928139,-2.5777066,1017.4878
1062,50.881192,0.48541565,1191.1514
1063,56.296133,-3.0528679,1003.9138
1064,51.523286,-0.20056133,1146.0004
1065,52.397812,1.0108162,1144.2362
1066,56.605863,-5.6687045,931.414
1067,53.15415,-2.5257936,1064.2734
1068,55.304896,-3.3415088,942.6555
1069,52.343477,-2.8096985,1070.7387
1070,57.377929,-2.4184615,997.8858
1071,54.133323,-0.39547588,1092.102
1072,58.443795,-3.801563,959.4819
1073,53.694598,-2.078169,1039.7448
1074,52.9744,-1.4811937,1058.2685
1075,54.668052,-7.0436274,1019.7534
1076,52.688977,-3.9997205,1110.2332
1077,58.432343,-4.4861652,941.2099
1078,56.720576,-4.6989477,908.9843
1079,53.692669,-2.6839246,1050.4963
1080,51.352325,-0.92530737,1150.2999
1081,51.884902,-0.33146049,1152.7252
1082,54.502891,-1.616451,1022.5698
1083,53.309323,-4.4789403,1180.3644
1084,55.628384,-5.2588982,1021.0592
1085,52.346043,-2.2225565,1052.8957
1086,52.868747,0.0031915184,1149.5972
1087,53.514836,-1.9270328,1045.1073
1088,54.320814,-1.1569277,1053.6566
1089,57.451194,-4.0858077,956.2712
1090,51.69545,-4.245017,1147.0411
1091,54.972076,-6.1434281,1025.0072
1092,51.172473,-3.075099,1140.3275
1093,55.9056,-4.962065,987.0961
1094,54.682604,-2.3902633,1024.4452
1095,52.074699,-2.6589184,1074.3499
1096,57.107794,-2.5805005,997.0845
1097,55.873619,-6.0791101,1015.4722
1098,50.794179,-4.3434407,1119.0891
1099,57.385181,-6.5788902,959.4642
1100,55.572536,-3.5092265,970.9329
1101,59.08012,-3.1368677,964.8795
1102,55.024317,-4.1143266,1018.224
1103,50.149148,-5.0117031,1176.9509
1104,53.24462,-1.6277865,1068.6206
1105,53.604522,-2.2291253,1039.4036
1106,52.401462,0.86403607,1144.8554
1107,58.531032,-3.9778021,955.355
1108,53.861683,-0.25382004,1110.9163
1109,50.973979,0.34791325,1187.9345
1110,52.25633,-1.9291081,1061.9759
1111,51.97668,-3.5310312,1098.6536
1112,56.690593,-5.8403492,941.422
1113,53.064829,-2.3754759,1044.0418
1114,56.384476,-3.2172625,990.0606
1115,53.784293,-1.7747993,1044.1182
1116,52.601612,-0.15668989,1142.6124
1117,55.218106,-3.0242114,948.9645
1118,54.412413,-2.5417717,1040.0196
1119,54.697822,-6.2706805,1019.8505
1120,57.717589,-4.2690215,954.1481
1121,51.967672,-4.1130201,1144.1157
1122,52.414239,0.2766249,1145.7412
1123,53.601837,-2.8335733,1057.1231
1124,56.627208,-4.8553342,902.5968
1125,54.929985,-7.2326987,1010.7208
1126,52.781228,-3.8556706,1096.265
1127,55.893133,-5.4410732,978.1104
1128,52.076518,-2.0753021,1073.2532
1129,54.592167,-1.4608551,1017.2592
1130,51.796994,-0.47972643,1153.806
1131,54.226803,-3.3063046,1070.9469
1132,51.263648,-1.0707026,1152.5921
1133,54.53647,-7.9560256,1027.8809
1134,58.156132,-4.8068478,927.6646
1135,56.278406,-4.3445866,939.0479
1136,51.535303,-1.3535347,1133.7263
1137,52.877281,-0.59081888,1130.3154
1138,57.063436,-5.3837473,910.067
1139,52.138777,0.55483886,1149.4194
1140,56.888396,-5.2036651,906.7832
1141,50.90746,-1.7889436,1176.7784
1142,54.16008,-6.2150211,1071.2352
1143,51.165816,-3.6470512,1118.8542
1144,56.088819,-4.8153433,946.5537
1145,55.134366,-6.631272,1012.3806
1146,54.139924,-1.0075332,1069.386
1147,51.084841,-2.7875213,1162.8957
1148,54.354632,-5.772996,1065.8738
1149,57.341006,-5.0767758,899.4671
1150,53.335063,-2.0775079,1053.6799
1151,54.765875,-3.3236143,1020.6632
1152,50.714316,-3.7728224,1125.6879
1153,55.296353,-3.9712544,998.9312
1154,51.087294,-2.2164548,1156.0066
1155,53.333159,-2.6781581,1058.4238
1156,52.206292,1.4370199,1154.8053
1157,51.345651,-0.35111912,1147.8968
1158,51.891705,-0.91249141,1138.2682
1159,52.940159,0.89950414,1132.1387
1160,56.747618,-2.738441,1002.4897
1161,52.697483,-3.4081526,1045.2046
1162,58.451592,-3.1165162,966.2451
1163,50.434765,-4.3256394,1142.8749
1164,55.940571,-2.4028239,1011.5447
1165,57.460459,-3.4195072,971.0532
1166,51.71187,-3.0878434,1110.7569
1167,52.525472,-2.3708568,1048.4834
1168,51.53071,-0.77694808,1141.2784
1169,56.288953,-3.69891,929.3601
1170,57.820113,-6.9711861,972.1565
1171,52.882844,-1.1850773,1103.0885
1172,53.868989,-0.86187412,1090.0778
1173,57.893949,-4.4488653,942.9837
1174,51.618947,-3.3745104,1139.1008
1175,59.891807,-1.3774954,986.26
1176,53.225457,0.16961649,1128.9277
1177,55.563088,-4.1431826,1007.7523
1178,55.033579,-3.4888958,979.792
1179,56.884083,-5.3675047,910.2333
1180,52.051917,-4.4087089,1157.1312
1181,57.067779,-5.219121,906.6484
1182,50.815963,-2.6410399,1170.6568
1183,54.618699,-5.9523974,1039.7512
1184,55.21121,-3.6526903,970.1018
1185,52.609329,-0.74712044,1130.0577
1186,56.365,-4.5118223,915.3303
1187,58.062587,-4.9690635,924.5177
1188,51.437402,-3.5129273,1162.5775
1189,50.997553,-1.931036,1164.6517
1190,52.231674,0.41371892,1144.4766
1191,57.327846,-5.5742449,903.0381
1192,55.235476,-6.3282127,1012.8144
1193,51.982812,-2.9487861,1083.647
1194,55.128313,-6.787577,1008.1671
1195,53.424766,-1.7767015,1057.5047
1196,55.670408,-2.5590282,988.0134
1197,57.307246,-6.2368093,944.8687
1198,52.614102,-1.3377682,1085.5979
1199,55.201078,-4.2808361,1018.4816
1200,56.376427,-3.8647441,925.8159
1201,52.936438,1.0480955,1117.5166
1202,51.803061,-1.059656,1128.5667
1203,51.257696,-0.49758239,1157.4242
1204,52.120704,1.2843095,1157.863
1205,50.817702,-2.0732524,1179.0281
1206,52.789022,-3.2628145,1047.9505
1207,58.539774,-3.2911024,958.6155
1208,52.435045,-1.4875476,1078.2398
1209,56.656717,-2.89978,998.1258
1210,53.060134,-3.1215105,1056.4947
1211,53.777595,-0.71259361,1097.0317
1212,50.712077,-3.9143853,1121.2293
1213,52.25362,-1.1966545,1099.6795
1214,50.981783,-0.079110153,1178.0002
1215,55.660296,-3.6715679,992.4981
1216,55.402097,-1.9236091,1017.0414
1217,51.85536,1.1196904,1176.1055
1218,53.239929,-0.87862866,1102.0935
1219,52.834435,1.4864494,1112.8263
1220,50.801953,-3.9180572,1119.2259
1221,57.104523,-3.07569,971.929
1222,52.068363,-3.3882711,1087.4541
1223,55.015264,-4.5831302,1039.1335
1224,55.579735,-2.7163595,974.8249
1225,57.412657,-5.7491131,905.2123
1226,54.233661,-2.2325999,1033.2027
1227,51.772898,0.82404798,1174.9041
1228,54.589211,-0.99664408,1043.4684
1229,55.581802,-2.0818875,1007.5019
1230,51.675668,-5.1119678,1139.44
1231,51.26627,-1.5006459,1154.9396
1232,51.785391,0.24481999,1153.0396
1233,54.230913,-2.8462022,1058.5371
1234,56.643235,-4.0409847,925.3914
1235,52.426106,-0.45817601,1122.5457
1236,52.248181,-0.61083589,1146.4084
1237,55.649994,-4.3068741,1012.3482
1238,53.410209,-0.12191204,1119.2724
1239,54.409454,-3.0039497,1058.9775
1240,51.952372,-4.8399977,1155.2923
1241,57.70757,-4.7720268,905.4171
1242,50.431866,-4.4663158,1144.822
1243,51.446075,-2.5059338,1124.5173
1244,53.782574,-1.3195175,1054.9775
1245,52.587832,0.58088725,1144.5942
1246,55.221154,-2.5527098,970.6765
1247,52.569466,1.3177667,1118.0585
1248,56.113329,-3.3695072,978.3478
1249,52.971612,-1.0344979,1101.131
1250,51.8661,0.684617,1164.8281
1251,55.309172,-2.8690141,951.2159
1252,57.37242,-3.2498106,971.8562
1253,52.339639,-3.2499696,1077.7654
1254,51.073839,-3.7865304,1111.6072
1255,51.510027,0.51949796,1171.7589
1256,52.513883,-3.6970106,1080.4101
1257,53.506309,-0.57004207,1106.0868
1258,53.151324,-2.9743517,1055.0886
1259,58.176755,-3.6179868,966.7387
1260,55.491751,-1.7651723,1039.1296
1261,55.927439,-3.8431163,970.6334
1262,56.92489,-3.0705149,985.1286
1263,50.894158,-0.22491714,1189.6653
1264,52.164627,-1.3444583,1097.2503
1265,51.176861,-2.359927,1153.264
1266,54.323735,-1.9256137,1034.7489
1267,57.434667,-4.9179868,901.3668
1268,54.677625,-3.1656477,1031.9594
1269,55.916203,-4.482707,991.6494
1270,52.15993,-0.75977702,1139.4246
1271,52.860398,0.44847384,1145.8896
1272,53.512,-1.1730605,1074.1916
1273,51.877918,0.10413562,1152.1491
1274,51.356709,-1.6432764,1138.8801
1275,55.312031,-2.2388764,986.5812
1276,51.948774,-4.9853103,1152.776
1277,54.497979,-0.84447021,1054.8495
1278,55.131927,-1.6104485,1020.4248
1279,56.730225,-4.2091723,918.5831
1280,54.86294,-1.9246281,993.9539
1281,51.316671,1.0829827,1213.0175
1282,53.418155,-0.72347484,1102.7704
1283,52.239837,-0.025253363,1143.5336
1284,50.994962,-1.2185735,1179.2024
1285,54.053522,-2.38434,1038.6873
1286,56.354216,-4.9967825,924.4679
1287,54.296846,-7.3057296,1030.7822
1288,53.042901,-4.3144313,1170.325
1289,58.079518,-4.1223509,960.9288
1290,60.52028,-1.3654789,995.9338
1291,51.234059,0.7909137,1194.8614
1292,55.040635,-2.7067042,981.5058
1293,55.553852,-4.6183674,1006.7536
1294,54.602662,-6.4156389,1023.8802
1295,50.809905,-3.350622,1158.0384
1296,57.086246,-4.3953547,918.466
1297,52.060047,-3.9714997,1136.3738
1298,52.795531,-2.2248464,1049.5443
1299,56.256283,-5.3121138,930.8935
1300,51.625182,-2.6523837,1111.7717
1301,53.873789,-1.6222265,1046.6183
1302,57.874902,-5.2909621,899.4239
1303,53.232788,-0.27951895,1123.7948
1304,52.792923,-2.8180216,1065.3722
1305,51.626972,-2.0745529,1120.0137
1306,58.10751,-6.5013985,941.9676
1307,56.652219,-3.3889869,970.8991
1308,52.432311,-1.0463238,1126.7545
1309,51.246314,0.21846693,1152.317
1310,57.55825,-1.9191662,1003.1488
1311,51.805734,-1.4947109,1115.5682
1312,54.203946,-4.685577,1123.7859
1313,55.042661,-2.0807805,997.9854
1314,57.09712,-3.7357187,950.6079
1315,52.61575,-1.780835,1053.4029
1316,53.769545,-0.10590823,1116.5722
1317,53.053012,-3.7181236,1119.3967
1318,54.322291,-6.6932922,1044.3159
1319,51.985522,-2.5119925,1079.3855
1320,55.667309,-3.0359155,975.8199
1321,53.42307,-1.3252693,1071.0784
1322,50.989761,-0.64873463,1177.7384
1323,57.352201,-4.5789096,924.9346
1324,52.33197,-3.8368037,1102.4775
1325,54.328167,-6.5400387,1048.0314
1326,51.081171,-3.2157436,1134.297
1327,55.281113,-4.7578602,1035.6245
1328,54.770068,-2.8574186,1018.0645
1329,51.327207,0.65301302,1182.0896
1330,56.104524,-4.0123756,951.2687
1331,52.965286,-0.43906062,1132.2003
1332,54.142832,-1.4667058,1055.6528
1333,52.705824,-2.0763845,1042.413
1334,56.341538,-5.4813789,920.2647
1335,60.341947,-1.7312505,991.0369
1336,56.906738,-4.3838429,912.9868
1337,50.90591,-1.3622873,1195.2546
1338,52.152337,-0.17530545,1146.3934
1339,57.468197,-2.252783,1002.1391
1340,54.952606,-1.7683226,998.0178
1341,51.230558,0.93395892,1202.6818
1342,54.558379,-7.4945794,1024.3541
1343,53.135535,-4.1699051,1158.6302
1344,58.166326,-4.2975396,942.5852
1345,56.260495,-5.1509577,932.1764
1346,51.536888,-1.7860491,1131.2031
1347,53.963064,-2.5359253,1043.3116
1348,53.14493,-3.5722689,1114.2703
1349,54.584858,-6.8783993,1026.0747
1350,56.801248,-7.6553121,1030.1561
1351,53.497578,0.032715553,1118.9386
1352,52.520867,-3.1077231,1061.9325
1353,52.885616,-1.9280898,1048.9835
1354,50.901419,-0.79350695,1212.3199
1355,56.917538,-3.7273721,942.6559
1356,55.935354,-3.2031377,986.8966
1357,51.716343,-2.3641967,1103.2593
1358,57.465097,-2.9195576,979.2352
1359,56.740097,-3.5557216,961.5507
1360,58.011894,-6.658829,954.6589
1361,56.321694,-6.1268412,992.173
1362,52.703963,-2.6683597,1064.4699
1363,53.32653,-3.4287859,1100.191
1364,57.364064,-3.9145804,961.7685
1365,54.77287,-2.235686,1001.7022
1366,51.896175,-1.6390236,1110.6216
1367,51.3388,0.079352138,1139.6095
1368,52.436129,-2.0759157,1038.7303
1369,54.461838,-7.6361007,1024.8719
1370,58.237887,-5.1541227,931.8882
1371,56.194313,-4.0170757,941.5969
1372,51.623262,-1.0633765,1135.1843
1373,55.851354,-2.0824551,1018.7468
1374,56.986097,-4.8827742,907.0366
1375,50.816679,-1.5054533,1195.2338
1376,52.054907,0.25830802,1147.9652
1377,54.238577,-6.5301775,1054.957
1378,55.991365,-5.1290092,957.1719
1379,54.052188,-1.3151211,1057.6215
1380,55.056267,-6.308822,1016.6522
1381,57.258963,-4.7382241,908.9612
1382,50.996498,-2.5010267,1173.1896
1383,54.45356,-5.4734335,1067.9836
1384,51.978544,-0.61919118,1135.9869
1385,55.380649,-4.2911637,1020.4947
1386,54.858719,-3.0150812,1005.1448
1387,59.350895,-2.9700502,973.8347
1388,55.671658,-1.9230865,1019.7573
1389,52.304215,1.1511687,1144.8531
1390,53.424373,-2.3786386,1033.4324
1391,51.983931,-1.2014869,1108.2685
1392,51.431124,-0.060322892,1152.2431
1393,55.390849,-3.6601778,979.6617
1394,56.838959,-2.4124268,1032.0135
1395,52.610749,-3.1099906,1056.5226
1396,58.358368,-3.4553778,962.1352
1397,54.04716,-0.70427654,1091.0074
1398,55.849267,-2.7213108,996.2866
1399,52.042294,0.84100651,1160.3486
1400,57.55358,-3.0888965,978.5596
1401,51.798718,-3.3799717,1110.5518
1402,52.434287,-2.6642707,1061.565
1403,52.790557,-0.89021653,1120.8947
1404,51.532077,-3.0835512,1128.303
1405,53.961355,-1.1641954,1067.3066
1406,54.207357,-7.294223,1036.1425
1407,57.810246,-4.106503,976.2432
1408,55.467364,-4.4544072,998.4196
1409,51.710495,-0.77210582,1133.4649
1410,50.907101,-2.3578413,1169.823
1411,57.16553,-4.8967356,905.5335
1412,56.46091,-4.1935048,931.7443
1413,50.628383,-3.4868025,1151.5853
1414,54.365146,-7.7769592,1028.8059
1415,52.950098,-4.4583389,1181.6915
1416,55.987195,-5.2890477,967.6471
1417,55.026101,-7.0886049,1014.7907
1418,52.327138,0.12538916,1137.9521
1419,51.086958,-1.6453537,1164.7779
1420,55.761295,-2.2416182,1008.1391
1421,57.64183,-3.2590574,977.6369
1422,51.890219,-3.2374586,1098.4055
1423,52.315129,0.71171908,1148.5837
1424,57.228361,-5.8961477,926.0518
1425,55.758388,-2.8789793,986.2079
1426,53.333942,-1.4768435,1069.5504
1427,52.701968,-1.0404579,1119.9109
1428,55.116742,-3.9623959,1002.215
1429,55.968444,-5.9287471,985.7857
1430,55.478414,-3.8220946,990.4411
1431,51.163794,-0.21458641,1149.5264
1432,51.715117,-1.3509751,1126.5114
1433,56.96446,-5.7039218,925.5149
1434,52.038691,0.98661043,1163.2471
1435,54.23272,-6.683101,1050.9184
1436,53.95557,-0.55471472,1104.3097
1437,52.881689,-2.9682946,1059.3411
1438,58.202942,-6.3431252,934.1734
1439,56.568814,-2.5722156,1025.6049
1440,52.525852,-1.7812822,1053.234
1441,57.546049,-3.7570184,972.0915
1442,57.01601,-2.9084418,994.9413
1443,50.797038,0.19712069,1188.039
1444,52.075447,-1.4916731,1097.2223
1445,54.59334,-2.079886,1015.5325
1446,56.203147,-3.3727074,971.2629
1447,51.617234,-0.48574028,1155.5382
1448,56.506218,-5.9842749,974.4091
1449,53.242333,-2.8265688,1072.678
1450,52.479717,1.3110047,1136.5589
1451,55.397791,-3.0288536,943.9294
1452,54.841916,-4.2605237,1049.2371
1453,51.43923,-0.63551428,1143.1952
1454,52.255226,-2.5150938,1057.3548
1455,57.286564,-2.749205,984.0102
1456,55.709218,-5.5841219,1011.4116
1457,52.603741,-3.7004829,1073.2783
1458,54.770108,-6.7450941,1015.43
1459,53.065217,-1.7785632,1074.6419
1460,60.33974,-1.1878403,979.162
1461,54.07569,-6.0534984,1083.3182
1462,54.744241,-7.3642167,1018.5738
1463,58.348776,-4.1384865,943.9716
1464,53.783895,-2.38187,1042.0598
1465,56.802786,-5.0325105,903.5917
1466,51.97028,-0.037126672,1144.7216
1467,51.444514,-1.2109275,1139.6017
1468,54.413606,-1.9254517,1029.4107
1469,57.288768,-2.085653,1003.1279
1470,52.783531,-0.29729321,1139.5881
1471,53.244984,-2.2271981,1059.2033
1472,53.604154,-1.6246351,1052.3266
1473,54.871452,-6.445028,1015.9849
1474,54.228421,-0.8520107,1072.3228
1475,57.534987,-4.4247313,940.7262
1476,51.790481,-3.9597188,1144.3414
1477,50.726071,-1.3647308,1209.1392
1478,57.019058,-2.2497245,1014.2698
1479,54.591348,-2.6989013,1047.0847
1480,55.823123,-4.6364368,1000.3513
1481,52.165873,-2.3678579,1062.338
1482,57.195649,-2.912849,979.1128
1483,51.171124,-0.78648339,1163.5898
1484,55.486197,-3.1894089,952.112
1485,53.15529,-1.9276416,1070.5951
1486,52.875356,-3.5624988,1055.6506
1487,54.853472,-6.9108395,1010.8622
1488,52.740273,1.6271147,1126.6591
1489,54.503271,-2.2341302,1022.2775
1490,52.345691,-1.6353764,1071.4434
1491,51.069219,0.06724594,1166.5793
1492,50.529925,-4.048104,1144.0558
1493,52.973627,-2.6725142,1058.2871
1494,56.470682,-3.5446824,956.6093
1495,58.280443,-6.6941213,947.1275
1496,53.693463,-1.4723988,1053.8219
1497,52.975506,-2.0768608,1046.6404
1498,56.789891,-5.5228569,913.6228
1499,57.538175,-7.2672683,986.6144
1500,50.60847,-4.6168919,1125.5215
1501,52.695702,-0.44869433,1134.9852
1502,50.354769,-3.7593917,1146.6825
1503,55.125228,-3.3354773,965.7204
1504,55.729857,-4.789434,1016.1477
1505,54.500497,-2.8517641,1055.8944
1506,51.057736,0.63757493,1190.6628
1507,57.621402,-4.5979676,924.4912
1508,51.882673,-3.8184268,1139.064
1509,54.776082,-6.5901639,1016.1556
1510,56.529607,-5.1732864,904.814
1511,52.498024,0.57562253,1145.2148
1512,53.513681,-2.5302359,1042.473
1513,51.525334,-3.6599947,1146.6055
1514,57.198718,-2.2509371,994.9218
1515,54.683016,-1.7698586,1001.4997
1516,51.175658,-1.3585748,1162.6535
1517,50.422151,-4.8881969,1134.3405
1518,51.703022,-0.19343911,1155.3111
1519,54.319597,-3.0017599,1061.1143
1520,54.939532,-3.7976364,1012.0467
1521,58.812156,-2.9549607,956.2277
1522,55.312241,-1.9237813,1011.2423
1523,55.750108,-3.6754076,978.4472
1524,51.071655,-0.075391295,1166.9208
1525,52.343513,-1.1950267,1097.0258
1526,50.335731,-4.742407,1148.5766
1527,50.622199,-3.9107322,1142.5237
1528,53.687737,-0.71533601,1099.0914
1529,52.97026,-3.1191819,1057.2985
1530,54.323532,-2.2331072,1032.6456
1531,51.683096,0.81845378,1180.1285
1532,55.489889,-2.7147276,967.5893
1533,57.50229,-5.7583115,909.5737
1534,54.925493,-4.5773712,1046.0809
1535,57.194337,-3.0783004,974.1975
1536,52.158242,-3.3910667,1095.8825
1537,50.891827,-3.9217478,1112.4632
1538,52.744707,1.4792756,1112.1916
1539,53.150057,-0.88097106,1103.3773
1540,52.857128,-4.6016318,1197.4496
1541,52.515973,-0.45503214,1128.2336
1542,56.553453,-4.0361477,941.8225
1543,51.695549,0.24037066,1151.6584
1544,54.320776,-2.848046,1058.8839
1545,51.176355,-1.5016173,1160.7269
1546,55.491948,-2.0817004,1007.9687
1547,51.765446,-5.1181435,1146.4274
1548,52.677638,0.58617988,1144.2906
1549,55.131299,-2.5514672,973.5843
1550,53.6927,-1.3209671,1059.0633
1551,51.356162,-2.5049422,1131.9088
1552,50.521713,-4.4709986,1144.2472
1553,51.862574,-4.8343346,1152.0881
1554,57.617852,-4.7651862,903.1765
1555,53.320371,-0.12585938,1122.4773
1556,54.49931,-3.0061515,1053.7852
1557,55.739772,-4.3121703,1008.7909
1558,52.338057,-0.60802142,1142.6892
1559,50.98396,-3.783077,1111.5156
1560,57.282614,-3.2467646,971.5235
1561,52.249758,-3.2474411,1085.2087
1562,54.832325,-4.7271578,1054.9007
1563,55.399018,-2.8709848,952.5527
1564,51.955909,0.68998085,1162.2469
1565,53.061491,-1.03249,1096.3587
1566,52.659212,1.3245646,1110.3361
1567,52.074728,-1.3457754,1101.7823
1568,57.014707,-3.0730949,967.9815
1569,55.837637,-3.8388642,977.7954
1570,55.581604,-1.7646369,1032.4594
1571,53.2412,-2.9763924,1079.5805
1572,58.266534,-3.6220785,960.5074
1573,52.424022,-3.6935565,1087.4717
1574,53.596164,-0.56700968,1108.9536
1575,51.599853,0.5244682,1168.8621
1576,53.601874,-1.1713066,1071.2846
1577,52.770585,0.44342969,1146.8809
1578,52.070046,-0.76226864,1139.0678
1579,55.826439,-4.4769828,998.7671
1580,54.587776,-3.1630802,1043.5027
1581,54.233863,-1.9257749,1039.7359
1582,51.776171,-4.683935,1150.0288
1583,57.524375,-4.9251543,895.495
1584,50.725179,-2.7814744,1170.8852
1585,51.266778,-2.3606295,1146.9068
1586,56.819994,-4.2144555,922.0017
1587,54.722776,-7.8278788,1022.749
1588,55.221783,-1.6095717,1028.8407
1589,54.408128,-0.84699752,1058.9271
1590,55.401886,-2.2394186,988.9866
1591,51.858987,-4.9793585,1150.3425
1592,51.446624,-1.6425767,1133.5999
1593,51.967765,0.10834194,1151.8029
1594,54.386331,-7.3172991,1026.3448
1595,52.953083,-4.3096304,1169.4941
1596,57.989762,-4.1170367,962.3468
1597,56.443934,-5.0038459,913.6201
1598,54.143395,-2.3851723,1036.1493
1599,51.084875,-1.21706,1170.2752
1600,52.329686,-0.021253872,1134.3665
1601,53.328291,-0.72615868,1106.4557
1602,57.64807,-2.0865002,989.1839
1603,54.773076,-1.9247947,994.0357
1604,53.142939,-0.28311187,1128.7988
1605,53.963665,-1.6214149,1046.0892
1606,57.78523,-5.2827897,890.8518
1607,51.535275,-2.6510971,1120.8454
1608,52.885424,-2.2253118,1049.2763
1609,56.166589,-5.3043812,944.093
1610,57.175997,-4.4011612,928.4469
1611,52.149899,-3.9754679,1133.6485
1612,54.51306,-6.4059501,1032.9908
1613,50.899804,-3.353222,1131.1398
1614,55.464092,-4.6124119,1003.6362
1615,54.95078,-2.7051262,992.7675
1616,51.144246,0.7854905,1193.8002
1617,57.186909,-3.7399288,956.0001
1618,54.9528,-2.0805996,999.8146
1619,57.468426,-1.919364,1003.4195
1620,51.715827,-1.4957129,1124.2511
1621,51.156462,0.21415369,1165.577
1622,52.522198,-1.0443788,1124.7883
1623,58.197048,-6.51274,934.9082
1624,56.562408,-3.3856934,971.3922
1625,51.537059,-2.0744054,1126.4108
1626,52.882808,-2.8197128,1062.8727
1627,51.079658,-0.64611773,1165.8214
1628,53.33319,-1.326688,1075.7917
1629,55.757145,-3.0382962,984.8579
1630,51.895617,-2.5109695,1087.5153
1631,57.645835,-2.7565945,983.2344
1632,55.350501,-5.5516095,1020.8799
1633,52.963161,-3.7145578,1087.14
1634,54.41186,-6.7035391,1039.0808
1635,53.679714,-0.10994166,1120.0007
1636,52.705646,-1.7803854,1049.1505
1637,50.356811,-3.6188827,1148.3444
1638,52.615927,-2.0762274,1038.7262
1639,54.052961,-1.4678568,1051.4805
1640,53.055144,-0.43581504,1128.4301
1641,56.014734,-4.0077023,961.128
1642,54.859922,-2.8593244,1004.4604
1643,55.370865,-4.7641042,1029.6096
1644,54.417755,-6.5499539,1042.2033
1645,50.991269,-3.2133926,1134.1931
1646,57.262464,-4.5726314,915.7867
1647,52.242114,-3.8330896,1108.0966
1648,53.87319,-2.534775,1045.4504
1649,56.170787,-5.1435997,941.3713
1650,51.626801,-1.785627,1126.7373
1651,57.780767,-5.4506565,894.0851
1652,54.468922,-7.4825493,1025.4158
1653,58.256069,-4.3033464,935.7429
1654,55.042467,-1.7678048,1005.7181
1655,51.140756,0.92825868,1200.0105
1656,57.558021,-2.2534055,987.0273
1657,52.062477,-0.1789702,1141.8642
1658,56.996492,-4.389582,915.6492
1659,50.815991,-1.3635122,1201.4635
1660,51.806252,-2.3649213,1096.0866
1661,55.435487,-5.7173983,1016.9013
1662,57.55491,-2.9218203,980.6886
1663,55.845525,-3.2003607,992.7455
1664,50.811514,-0.79582421,1219.2624
1665,57.00733,-3.7315333,946.5596
1666,52.795722,-1.9282376,1049.4418
1667,52.430985,-3.1054675,1067.7563
1668,53.234784,-3.5755605,1114.9039
1669,54.495315,-6.8677044,1029.7418
1670,51.428657,0.083429359,1148.1698
1671,51.986081,-1.6383017,1102.262
1672,54.862733,-2.2362103,1004.2261
1673,57.274286,-3.9099165,955.4709
1674,56.411302,-6.1365521,990.5163
1675,52.614073,-2.6669895,1062.1593
1676,56.829899,-3.5594441,943.7021
1677,57.922371,-6.6472049,955.0812
1678,54.439418,-8.0963428,1032.4921
1679,54.148984,-6.52037,1061.9823
1680,59.172502,-2.7900537,969.5486
1681,52.144743,0.26285125,1145.307
1682,56.896377,-4.8758543,906.1461
1683,50.9066,-1.5045017,1190.173
1684,56.284101,-4.0218027,938.4561
1685,51.533361,-1.0652223,1138.7077
1686,54.551271,-7.6484634,1024.5635
1687,58.148208,-5.1461787,927.1967
1688,52.526029,-2.0760711,1034.2425
1689,54.768869,-3.0128303,1018.9025
1690,55.290864,-4.2859855,1016.6294
1691,51.888662,-0.62194725,1139.5539
1692,51.086416,-2.501998,1163.1954
1693,57.348688,-4.7449052,907.2145
1694,55.145873,-6.3184903,1013.582
1695,54.142057,-1.3136396,1058.932
1696,52.947044,0.60222722,1139.1344
1697,56.081077,-5.1362837,949.721
1698,54.137012,-0.70147386,1081.9482
1699,52.700629,-3.1122702,1055.3819
1700,56.316208,-6.2880735,993.6956
1701,58.448151,-3.4590846,958.2845
1702,55.30103,-3.6564236,978.6853
1703,51.341259,-0.064119202,1144.8041
1704,51.894031,-1.2030809,1111.829
1705,53.334489,-2.3778415,1042.8107
1706,52.214448,1.144807,1153.8544
1707,52.880434,-0.8879236,1115.6838
1708,52.524181,-2.6656265,1059.7951
1709,57.463771,-3.086224,976.8522
1710,51.708833,-3.3772339,1129.5563
1711,51.16144,-3.9329341,1116.937
1712,52.132088,0.84671867,1156.7005
1713,55.939108,-2.7229801,1001.9111
1714,57.054104,-5.7128547,925.814
1715,52.045597,-4.7000577,1161.6658
1716,57.075815,-4.8897345,906.5973
1717,50.817178,-2.3571532,1170.494
1718,54.628407,-5.643327,1049.5239
1719,51.800385,-0.76966574,1120.7929
1720,55.557135,-4.4600034,999.9238
1721,55.037004,-3.1760612,976.1051
1722,53.871487,-1.1659877,1061.2745
1723,57.900005,-4.1117541,961.7593
1724,51.621974,-3.0856917,1119.5672
1725,55.671445,-2.2410636,1003.1087
1726,50.997038,-1.6460391,1171.6823
1727,52.237297,0.12109375,1139.5221
1728,56.076893,-5.2966926,960.4667
1729,54.27573,-7.7644025,1029.6095
1730,58.054241,-5.3074539,921.6734
1731,50.71828,-3.4896461,1153.9599
1732,56.371135,-4.1883423,932.3516
1733,52.612084,-1.0424236,1122.7397
1734,55.206548,-3.9668128,1000.8999
1735,53.423824,-1.4757413,1065.9379
1736,55.668547,-2.8769637,978.3718
1737,52.225327,0.7062417,1148.4277
1738,51.980106,-3.2399346,1089.9767
1739,52.435953,-1.781727,1054.4122
1740,56.658647,-2.5735765,1023.5921
1741,52.791808,-2.966297,1059.847
1742,58.535862,-3.634503,962.8971
1743,53.865721,-0.55781351,1109.618
1744,52.128474,0.99261434,1160.5689
1745,51.805022,-1.3496853,1122.8217
1746,51.253669,-0.21110725,1153.3414
1747,55.568222,-3.8262516,993.1012
1748,52.389967,1.3042782,1142.8382
1749,53.152454,-2.824841,1048.7866
1750,56.292965,-3.375926,976.5696
1751,51.527352,-0.48872385,1138.3052
1752,54.683207,-2.0800629,1004.1445
1753,52.165349,-1.4906498,1091.1606
1754,50.141557,-5.2911841,1159.1408
1755,56.926189,-2.9062574,993.8632
1756,50.886897,0.20134624,1187.0129
1757,57.456266,-3.7527082,963.6525
1758,52.975326,-1.7790224,1050.9318
1759,52.693599,-3.7039737,1067.2575
1760,54.68055,-6.7346195,1018.4044
1761,52.345125,-2.5161385,1059.4298
1762,57.376384,-2.751036,984.9984
1763,55.619542,-5.575925,1014.0649
1764,51.34934,-0.6381857,1145.3486
1765,55.30795,-3.026526,940.7526
1766,57.378596,-2.0858629,1005.4389
1767,54.503476,-1.9252888,1021.8521
1768,51.354607,-1.2124725,1144.6615
1769,51.880425,-0.041043202,1150.5841
1770,56.713076,-5.0252821,903.2802
1771,53.694016,-2.3810556,1038.0223
1772,54.654768,-7.3523905,1019.6072
1773,58.438526,-4.1439302,948.6554
1774,60.429516,-1.1856027,986.4957
1775,55.912876,-4.6425284,992.8053
1776,54.681208,-2.7004446,1032.1538
1777,56.929226,-2.2491235,1032.9403
1778,50.636149,-1.3659431,1208.4341
1779,54.318275,-0.84951098,1068.3537
1780,57.445242,-4.4187866,934.837
1781,51.700623,-3.9558327,1147.7152
1782,54.961044,-6.4549331,1012.331
1783,51.169494,-3.3611024,1133.1205
1784,53.514272,-1.6254293,1058.1882
1785,53.155096,-2.2267227,1063.1987
1786,52.873385,-0.29377616,1136.8496
1787,51.605607,-4.2405806,1147.5596
1788,52.785495,-3.5592767,1046.4945
1789,54.943004,-6.9217728,1016.9249
1790,53.245179,-1.9274906,1065.7347
1791,55.576031,-3.1921237,961.8623
1792,55.018482,-4.4268919,1034.717
1793,51.261023,-0.784118,1148.7059
1794,52.07597,-2.367118,1069.8148
1795,57.10583,-2.910639,978.8089
1796,56.380874,-3.541045,943.6605
1797,53.063512,-2.6739139,1053.505
1798,50.440052,-4.044221,1145.1243
1799,50.979355,0.063251893,1183.4498
1800,52.255791,-1.6361135,1077.2437
1801,54.413402,-2.2336173,1030.3065
1802,54.686504,-6.5800282,1018.9939
1803,51.440762,-3.2252698,1151.7311
1804,57.711132,-4.6043959,925.3904
1805,51.972535,-3.8220638,1134.3494
1806,50.967909,0.63248159,1190.6556
1807,54.410637,-2.8498999,1059.0829
1808,55.640111,-4.7830479,1022.5998
1809,52.605838,-0.45187162,1131.0815
1810,50.264878,-3.7560765,1146.7693
1811,55.215063,-3.3384846,951.7977
1812,50.698304,-4.6218916,1123.1331
1813,57.627618,-7.2802448,985.0029
1814,53.065397,-2.0770213,1072.8791
1815,56.700225,-5.5144653,913.7954
1816,53.783339,-1.4712726,1049.4706
1817,55.02935,-3.8016561,1000.9755
1818,51.792888,-0.18985013,1148.6717
1819,54.229738,-2.9995822,1062.2964
1820,50.511967,-4.8936782,1137.6597
1821,51.265572,-1.3573245,1147.0987
1822,54.593149,-1.770365,1010.0486
1823,57.108889,-2.250329,1004.4053
1824,51.61521,-3.6632726,1139.4628
1825,58.525286,-4.3209785,948.839
1826,52.408215,0.57038552,1146.002
1827,53.603561,-2.5313615,1042.156
1828,56.619307,-5.1808153,904.4779
1829,51.952497,0.83532414,1165.9393
1830,55.400041,-2.7131049,960.4236
1831,54.835721,-4.5716441,1054.0673
1832,57.28415,-3.0809261,975.789
1833,52.248119,-3.393877,1088.8987
1834,50.981699,-3.9254575,1111.9547
1835,52.654976,1.4721397,1114.0777
1836,53.060185,-0.88330096,1106.3434
1837,59.081531,-2.9624357,964.3169
1838,55.581806,-1.9232617,1017.6599
1839,55.83992,-3.6792692,977.5196
1840,57.013187,-3.237733,959.4219
1841,52.073828,-1.1998845,1109.944
1842,51.602868,0.38021849,1160.027
1843,50.425559,-4.7475959,1149.3924
1844,52.426037,-3.5465576,1080.2371
1845,53.597878,-0.71806361,1101.46
1846,53.239878,-3.1262051,1082.6247
1847,58.268583,-3.4516933,966.886
1848,52.767442,0.59150062,1143.8698
1849,53.602825,-1.3224089,1063.5275
1850,51.266248,-2.5039558,1149.9715
1851,54.233671,-1.7723628,1045.5459
1852,51.772774,-4.8287009,1149.1733
1853,57.528133,-4.7583859,910.6768
1854,50.707083,-4.1974536,1121.9781
1855,54.589165,-3.0083655,1044.6269
1856,55.829548,-4.3174965,997.5005
1857,52.068424,-0.61642067,1143.2396
1858,54.730127,-7.6733932,1021.0497
1859,58.327565,-5.1621146,936.4397
1860,56.822792,-4.0507431,929.4282
1861,51.96507,0.25378851,1154.3988
1862,51.446097,-1.4986881,1135.1104
1863,55.402094,-2.0815143,1002.705
1864,51.855222,-5.1243514,1147.9878
1865,54.4095,-1.0010357,1053.8444
1866,52.344421,-1.3418034,1090.4686
1867,51.073917,-0.2180477,1162.266
1868,55.747834,-3.8346362,996.3728
1869,55.312042,-1.7662342,1029.0515
1870,51.948906,0.98063783,1168.6288
1871,52.971569,-2.9703029,1059.1753
1872,53.686018,-0.56396087,1106.5045
1873,50.636811,-2.4971909,1166.9713
1874,58.292497,-6.3541095,942.4172
1875,50.894081,-3.7796413,1113.9399
1876,57.192807,-3.2437364,968.4473
1877,52.159875,-3.2449258,1077.6826
1878,54.922086,-4.7332302,1047.7024
1879,55.488862,-2.8729666,961.7997
1880,54.323732,-2.079361,1032.5304
1881,51.686476,0.67397279,1173.9952
1882,53.151368,-1.0304713,1094.278
1883,52.748956,1.3313986,1109.9915
1884,56.550683,-4.1986972,915.4692
1885,52.513958,-0.30773314,1122.0007
1886,55.49174,-2.2399638,995.3466
1887,51.769199,-4.9734376,1148.447
1888,51.176876,-1.6446648,1158.9731
1889,51.698218,0.095788497,1146.6308
1890,54.321759,-2.6943219,1054.9012
1891,53.691746,-1.1695432,1064.952
1892,52.680771,0.43841224,1146.7062
1893,55.131908,-2.3946366,979.1624
1894,52.339694,-0.75475436,1142.9781
1895,55.736673,-4.471291,1012.4587
1896,53.31792,0.024166826,1122.629
1897,54.497927,-3.1605267,1052.5694
1898,51.865981,-4.6892812,1153.0659
1899,57.614082,-4.9323643,887.4753
1900,51.356694,-2.3613355,1143.8154
1901,56.012019,-4.1679855,983.474
1902,53.053089,-0.28668562,1129.2539
1903,54.053539,-1.6205989,1047.8259
1904,52.61574,-2.2239232,1042.0845
1905,56.435664,-5.3277125,899.8412
1906,57.265747,-4.4070019,931.3194
1907,52.239749,-3.979457,1130.0959
1908,54.423456,-6.3963142,1045.8018
1909,50.989702,-3.3558353,1127.245
1910,55.37433,-4.6064898,1026.0374
1911,54.860924,-2.703557,1005.2519
1912,51.413679,0.80184434,1192.6586
1913,54.475813,-7.3289322,1027.3076
1914,53.222533,-4.3241101,1172.1428
1915,58.259025,-4.1330756,942.9069
1916,56.174775,-4.9827764,939.8391
1917,51.626975,-1.9300896,1120.1811
1918,53.873772,-2.3826889,1042.3514
1919,56.993243,-4.554016,910.4547
1920,50.815131,-1.2215773,1214.0408
1921,52.060134,-0.033189618,1142.8376
1922,57.558246,-2.0862865,1002.5878
1923,55.042665,-1.9242922,998.9065
1924,51.137093,1.0709976,1206.051
1925,54.269648,-5.6115713,1078.7377
1926,50.809963,-0.65392832,1209.6626
1927,57.004945,-3.8960877,944.3635
1928,55.84698,-3.0406904,992.0432
1929,51.805712,-2.5099519,1095.3454
1930,55.440183,-5.5596692,1018.502
1931,57.55602,-2.7547307,982.7626
1932,53.23271,-3.7253125,1123.6284
1933,54.501426,-6.7138424,1034.1994
1934,53.58988,-0.11395333,1116.3252
1935,52.432268,-2.9584117,1067.1942
1936,52.79554,-1.7799335,1053.1954
1937,50.446706,-3.6219491,1148.9862
1938,57.276696,-3.7441636,962.9169
1939,54.862937,-2.0804197,994.3911
1940,51.985544,-1.492691,1096.3852
1941,51.426013,0.22716046,1154.491
1942,56.831838,-3.3956314,964.5557
1943,60.338511,-1.0067278,981.2378
1944,56.416595,-5.9748873,976.8199
1945,52.613149,-2.8146659,1062.1048
1946,54.142808,-2.5382447,1041.0036
1947,56.439905,-5.1658007,908.2285
1948,54.379463,-7.470585,1024.4575
1949,52.955882,-4.1608964,1156.1742
1950,57.986836,-4.28603,954.762
1951,54.77288,-1.7693494,996.0324
1952,57.647844,-2.2540318,993.3304
1953,53.326594,-0.57605807,1109.7344
1954,52.332052,-0.167918,1131.4272
1955,51.085744,-1.3598187,1169.0602
1956,52.885613,-2.0767012,1048.1308
1957,56.162183,-5.4651185,953.8284
1958,54.193519,-7.5994158,1033.6958
1959,53.963088,-1.4690016,1048.5445
1960,57.789471,-5.1148743,889.7582
1961,53.145,-0.43255208,1124.7303
1962,51.147562,0.64269449,1189.7428
1963,54.949775,-2.8612408,991.4018
1964,54.507341,-6.5599237,1036.6294
1965,50.901366,-3.2110536,1155.7871
1966,57.172726,-4.5663899,914.5626
1967,52.152256,-3.8293951,1113.1502
1968,51.159081,0.071260571,1160.4195
1969,51.716359,-1.6404559,1123.9112
1970,54.297049,-4.5379382,1114.1334
1971,54.952595,-2.2367376,998.3059
1972,57.184507,-3.9052799,949.2115
1973,52.883741,-2.671122,1063.9197
1974,51.536878,-2.2185832,1127.2265
1975,58.19093,-6.6822866,950.1771
1976,56.560488,-3.5483409,959.6966
1977,52.520917,-0.89702274,1133.7244
1978,51.896159,-2.3656497,1086.923
1979,57.644722,-2.9240965,981.356
1980,55.34582,-5.7089834,1018.4912
1981,55.755695,-3.1975995,984.1461
1982,53.332248,-1.17654,1081.6528
1983,51.081224,-0.78883662,1171.7646
1984,52.705827,-1.9283846,1044.0008
1985,55.097972,-4.9019975,1037.7541
1986,53.67723,0.04135689,1115.575
1987,52.965215,-3.5657382,1062.041
1988,54.405769,-6.8570681,1036.1127
1989,55.038416,-3.0196209,980.6488
1990,55.560214,-4.3016078,1014.0313
1991,51.798779,-0.62468896,1143.0877
1992,50.816657,-2.499099,1170.9941
1993,52.042168,-4.8456904,1157.8664
1994,57.079508,-4.7249789,908.5393
1995,51.623221,-2.9412649,1113.4334
1996,53.872447,-1.31806,1051.0627
1997,57.897089,-4.2803267,951.8026
1998,52.234576,0.26741836,1142.9015
1999,50.99652,-1.5035452,1175.4136
2000,55.671654,-2.0820756,1011.2776
2001,50.727777,-2.0731115,1174.6673
2002,56.373886,-4.0265569,934.6195
2003,54.282962,-7.6115774,1027.3332
2004,58.058527,-5.1382823,922.5849
2005,56.072502,-5.4570578,964.3423
2006,52.610798,-0.89476601,1131.6841
2007,55.203914,-4.1238378,1010.0608
2008,55.229804,-6.4849808,1015.6915
2009,51.978483,-3.3854902,1094.4628
2010,52.221881,0.85246085,1153.4456
2011,55.66958,-2.7180006,984.9333
2012,53.42439,-1.6262193,1061.6635
2013,53.867451,-0.70983631,1100.585
2014,52.790507,-3.1145619,1054.0481
2015,58.537933,-3.462814,966.9005
2016,52.436133,-1.928821,1035.0676
2017,55.570481,-3.6677498,987.9347
2018,51.251392,-0.067895951,1139.2174
2019,51.804131,-1.2046666,1125.7839
2020,52.124679,1.1384785,1159.4372
2021,56.900046,-4.7118876,901.021
2022,50.907116,-1.6467209,1190.603
2023,52.147455,0.11682085,1142.4338
2024,54.154629,-6.3677213,1066.4541
2025,52.525842,-2.2234652,1042.369
2026,54.543968,-7.8022794,1025.8611
2027,56.281359,-4.1832093,942.0151
2028,51.532124,-0.92107967,1144.0076
2029,57.344957,-4.9108614,906.7409
2030,51.086942,-2.3592282,1159.2092
2031,54.359341,-5.619445,1071.0528
2032,51.890273,-0.76721291,1136.5126
2033,55.287816,-4.4433086,1027.856
2034,54.767472,-3.1682294,1018.5722
2035,56.085052,-4.9758332,947.5838
2036,54.141088,-1.1605814,1063.0608
2037,55.151325,-6.1620175,1011.8061
2038,56.748479,-2.5749452,1010.8513
2039,52.701925,-2.96431,1060.3388
2040,58.446088,-3.6303364,964.2842
2041,54.135265,-0.54846629,1087.3049
2042,52.218255,0.99864978,1154.475
2043,53.333919,-2.5280028,1050.4867
2044,51.894925,-1.3483888,1114.3308
2045,51.343543,-0.2076101,1153.397
2046,55.298793,-3.8138505,988.899
2047,52.52326,-2.8130013,1062.7292
2048,52.881732,-1.0364951,1108.6912
2049,55.938065,-2.8830449,999.72
2050,52.135523,0.70079301,1152.5408
2051,51.163715,-3.7900016,1116.95
2052,57.462225,-3.2528747,974.2933
2053,51.710441,-3.232545,1115.8226
2054,53.244994,-1.7776373,1066.9187
2055,52.783454,-3.707483,1064.8829
2056,54.949216,-6.7662178,1016.9021
2057,51.608274,-4.0962843,1131.0848
2058,52.075424,-2.5130209,1071.6296
2059,55.888564,-5.6006552,1004.2193
2060,57.106921,-2.745575,990.794
2061,60.521021,-1.5476183,996.0885
2062,51.259447,-0.64084336,1153.5999
2063,55.0215,-4.2706234,1027.8466
2064,55.577471,-3.0335483,965.6349
2065,56.685458,-6.003213,955.9222
2066,53.062573,-2.8231225,1052.7743
2067,58.376116,-6.5356284,945.2326
2068,54.413602,-2.079535,1028.736
2069,52.255249,-1.4896212,1085.5323
2070,50.976754,0.20559349,1182.2309
2071,55.643611,-4.6243565,1021.9194
2072,53.405101,0.17874845,1121.6898
2073,54.411623,-2.69584,1057.7168
2074,50.964615,0.77472739,1193.4907
2075,57.714471,-4.4367266,943.1588
2076,51.970193,-3.9675522,1139.7021
2077,54.692261,-6.4253813,1019.619
2078,51.43917,-3.3691055,1162.7511
2079,53.783912,-1.6230337,1046.5429
2080,53.065207,-2.2262499,1072.9144
2081,56.704722,-5.3514496,907.4173
2082,57.63449,-7.1134791,979.6123
2083,50.721556,-3.2064114,1162.4361
2084,52.603817,-0.30427157,1124.9226
2085,55.213237,-3.4955969,962.3788
2086,57.10911,-2.0852369,1012.8569
2087,54.593344,-1.925125,1011.9886
2088,51.264698,-1.2140096,1149.9643
2089,51.790568,-0.044939348,1147.4567
2090,54.228368,-3.1529502,1066.1633
2091,55.031565,-3.6452862,986.2008
2092,56.623364,-5.0180954,904.5727
2093,52.411318,0.42351819,1146.2163
2094,53.604137,-2.3802456,1042.1558
2095,54.923178,-7.3880658,1012.3853
2096,58.528274,-4.149407,951.919
2097,60.160185,-1.1922728,961.1972
2098,51.617167,-3.5188993,1140.7304
2099,56.291064,-3.5374283,947.1855
2100,51.525407,-0.34463414,1151.5838
2101,56.59051,-6.1561419,973.4786
2102,53.153396,-2.6753211,1071.8776
2103,52.385771,1.450957,1142.3357
2104,57.45384,-3.9192718,964.1882
2105,50.350177,-4.0403577,1145.6686
2106,50.614475,-4.3344947,1121.2283
2107,56.927272,-2.7419872,1008.9833
2108,50.88949,0.059278289,1191.2813
2109,52.165889,-1.6368467,1084.7797
2110,54.683005,-2.2351645,1008.2164
2111,52.560838,1.6122789,1132.8222
2112,52.695633,-3.5560716,1050.4995
2113,54.674399,-6.8891531,1017.6645
2114,52.975509,-1.9279412,1047.31
2115,55.306524,-3.1840249,926.7276
2116,54.749133,-4.410747,1061.5861
2117,51.35092,-0.78174038,1152.6362
2118,52.345675,-2.3693495,1057.1448
2119,57.375282,-2.9173083,981.6728
2120,51.882753,-0.18624241,1150.0402
2121,51.355484,-1.3560678,1141.8346
2122,50.242514,-4.8773176,1152.349
2123,54.503282,-1.7708685,1020.5167
2124,50.961147,0.91694573,1195.8027
2125,57.378372,-2.2521641,1001.1208
2126,54.647832,-7.5066756,1020.0637
2127,58.435548,-4.3150656,944.0962
2128,53.693439,-2.5324932,1042.5853
2129,56.709005,-5.1883878,906.9558
2130,54.955229,-6.610604,1017.4758
2131,51.171071,-3.2181068,1137.8143
2132,54.319643,-1.0032134,1058.0537
2133,57.441936,-4.5852248,924.8346
2134,51.702943,-3.8112095,1131.8167
2135,50.878081,0.62741432,1190.6382
2136,54.680212,-2.8555234,1032.3459
2137,55.909341,-4.8023151,985.7154
2138,52.875426,-0.44228895,1136.0555
2139,50.534546,-3.7660729,1145.0692
2140,53.155287,-2.0771826,1070.1676
2141,53.513705,-1.4746332,1061.8947
2142,52.97031,-0.88561844,1110.4381
2143,56.111441,-3.530257,968.3022
2144,52.565243,1.4650415,1119.6081
2145,51.07157,-3.9291862,1113.2246
2146,57.373961,-3.0835673,978.0638
2147,52.337995,-3.3967021,1081.1548
2148,54.745946,-4.5659487,1062.3798
2149,57.681549,-5.7768721,900.43
2150,55.310191,-2.7114912,957.7391
2151,51.862699,0.82967136,1170.1787
2152,52.381394,1.5975989,1142.4463
2153,53.150007,-3.1238515,1056.4536
2154,52.515904,-3.5497122,1071.0744
2155,53.508017,-0.72077652,1098.6978
2156,50.515386,-4.7528111,1133.3452
2157,51.513032,0.37553162,1162.6161
2158,52.163725,-1.1982737,1102.5779
2159,56.923376,-3.2347574,962.1013
2160,50.891911,-0.082809972,1188.3097
2161,55.929729,-3.6831527,975.1387
2162,55.491952,-1.9234359,1020.9885
2163,52.158303,-0.61363561,1145.8866
2164,55.919323,-4.322853,991.33
2165,54.679018,-3.0105917,1032.4037
2166,50.617221,-4.1932614,1124.2107
2167,54.323543,-1.7718674,1042.246
2168,51.682972,-4.8230965,1139.8851
2169,57.438411,-4.7516257,913.3783
2170,50.342017,-4.4616567,1145.3093
2171,51.176333,-2.5029744,1156.4959
2172,53.512948,-1.323843,1067.9995
2173,52.857244,0.59684967,1142.712
2174,54.499356,-0.99884592,1048.5179
2175,55.312237,-2.0813293,997.6401
2176,51.944997,-5.1305917,1149.8767
2177,51.356184,-1.4996695,1139.8128
2178,51.875232,0.24929256,1154.8502
2179,56.733014,-4.0458498,926.0901
2180,54.640701,-7.660894,1021.0372
2181,58.38205,-6.3651601,945.8769
2182,50.726734,-2.4981425,1169.01
2183,53.77587,-0.56089552,1104.6144
2184,53.061447,-2.9723219,1055.4711
2185,56.668778,-6.4914654,1001.4071
2186,55.401897,-1.7657048,1036.4873
2187,51.859119,0.97469634,1173.6048
2188,55.658028,-3.830432,995.5014
2189,50.984038,-0.22149124,1177.4564
2190,52.254525,-1.3431344,1093.1346
2191,52.838699,1.3382688,1112.0405
2192,53.241244,-1.0284418,1092.5376
2193,54.233859,-2.0791879,1034.4015
2194,51.776289,0.67928105,1169.8916
2195,55.578706,-2.8749595,971.6625
2196,55.011845,-4.7393363,1041.5442
2197,57.102998,-3.2407259,962.9328
2198,52.069991,-3.2424237,1083.7452
2199,50.804199,-3.7762232,1116.4536
2200,51.788069,0.09995119,1149.1488
2201,54.231893,-2.6928122,1044.0297
2202,51.266794,-1.6439724,1144.3537
2203,55.581593,-2.2405122,998.2
2204,52.424097,-0.31117646,1119.226
2205,56.640455,-4.2039196,917.3314
2206,51.446608,-2.3620453,1122.6513
2207,51.95579,-4.6946554,1157.0843
2208,57.703787,-4.9396171,889.131
2209,53.40775,0.028429697,1119.5709
2210,54.408075,-3.1579874,1059.1606
2211,55.646905,-4.4656313,1018.027
2212,52.249813,-0.75727229,1144.4739
2213,52.590955,0.43342129,1146.2032
2214,55.221765,-2.395526,976.4892
2215,50.727611,-1.7897517,1204.3591
2216,53.781617,-1.1677703,1064.9565
2217,51.32387,0.79636491,1194.676
2218,54.771067,-2.7019965,1018.2612
2219,55.284566,-4.6006008,1032.8594
2220,54.33385,-6.3867311,1052.0928
2221,51.079599,-3.3584621,1127.4044
2222,57.355495,-4.4128769,933.3532
2223,52.329598,-3.9834671,1111.6367
2224,52.705636,-2.2243836,1048.7995
2225,56.345975,-5.3198908,915.2866
2226,54.143412,-1.6197784,1050.5223
2227,52.963238,-0.29024034,1133.3338
2228,56.101801,-4.1730311,957.5948
2229,54.952803,-1.9244606,995.9854
2230,51.226883,1.0769747,1210.3861
2231,57.468422,-2.0860741,1005.9097
2232,52.149986,-0.029231896,1140.3081
2233,56.903499,-4.547883,907.1233
2234,50.905047,-1.2200793,1202.3556
2235,53.963648,-2.3835122,1041.4406
2236,56.264497,-4.9897594,931.8371
2237,51.537062,-1.9302269,1126.1766
2238,57.865723,-5.6274763,904.3459
2239,54.565292,-7.3406291,1020.6512
2240,58.169272,-4.1276971,949.5644
2241,50.5366,-3.625031,1149.4629
2242,52.885434,-1.7794792,1054.4919
2243,53.500046,-0.1179434,1116.4761
2244,52.522155,-2.9603674,1061.4168
2245,53.142862,-3.7217084,1122.6585
2246,54.590989,-6.7242024,1027.6439
2247,51.715805,-2.5089395,1102.7648
2248,55.529864,-5.5677743,1016.1828
2249,57.466202,-2.7528779,981.6873
2250,55.936813,-3.0430982,998.7589
2251,50.899863,-0.65133813,1199.2949
2252,56.915161,-3.8915318,938.307
2253,56.32697,-5.9655535,980.3921
2254,52.703037,-2.8163393,1063.6419
2255,56.742029,-3.3922995,966.8135
2256,58.01797,-6.4901247,948.7389
2257,51.336165,0.22280247,1159.133
2258,57.648074,-1.9189673,1002.7729
2259,51.89564,-1.4937035,1111.7499
2260,50.231343,-5.2973674,1175.6409
2261,54.773073,-2.0802408,997.928
2262,57.366482,-3.7484233,960.7928
2263,50.995827,-1.3610562,1178.0248
2264,52.242195,-0.17162143,1143.181
2265,53.416452,-0.57305816,1110.019
2266,54.862744,-1.7688374,991.9582
2267,51.320358,0.9396886,1203.2482
2268,54.29,-7.4586859,1028.54
2269,53.045709,-4.1653887,1157.379
2270,58.076582,-4.2917675,952.8042
2271,56.350201,-5.1583579,915.8041
2272,54.052937,-2.5370818,1041.5572
2273,57.082985,-4.5601849,912.9618
2274,52.062396,-3.8257198,1117.4377
2275,54.596924,-6.5699483,1022.8649
2276,50.811462,-3.2087266,1160.2391
2277,55.039626,-2.8631679,978.4552
2278,51.237385,0.64784046,1182.9152
2279,53.234855,-0.42927161,1119.9243
2280,53.873214,-1.4701402,1048.1269
2281,57.879158,-5.1226305,900.025
2282,51.62429,-2.7968284,1115.9953
2283,52.795719,-2.0765424,1048.2316
2284,56.251862,-5.4732255,943.7784
2285,52.431034,-0.89926757,1135.5553
2286,58.101413,-6.6705227,956.956
2287,56.650293,-3.5520206,961.3549
2288,51.626791,-2.2190155,1120.654
2289,52.793853,-2.6697372,1070.5419
2290,57.094727,-3.9006704,948.1059
2291,55.042456,-2.2372678,988.5897
2292,51.806268,-1.6397416,1113.7349
2293,54.207264,-4.5324278,1128.1279
2294,51.248941,0.075295923,1144.6234
2295,53.055073,-3.5689948,1091.6587
2296,54.31622,-6.8464898,1041.2525
2297,52.61593,-1.9285308,1040.4649
2298,55.187716,-4.9085228,1038.8313
2299,50.991322,-0.79117778,1185.8507
2300,53.422125,-1.1748049,1077.6498
2301,54.389977,-4.3896328,1100.4181
2302,55.665864,-3.1948539,975.7107
2303,51.986065,-2.3663819,1078.5325
2304,53.962318,-1.3165945,1055.5652
2305,54.200534,-7.4468515,1034.3963
2306,57.80734,-4.2746573,954.0012
2307,57.169237,-4.7315821,909.2648
2308,50.906578,-2.5000604,1172.9565
2309,51.708894,-0.62741642,1135.904
2310,55.470432,-4.2963711,1014.1338
2311,54.948568,-3.0173448,990.3285
2312,55.982818,-5.4490428,971.1239
2313,54.372401,-7.6238056,1023.5501
2314,57.968843,-5.130433,915.1244
2315,56.463671,-4.0313385,934.9007
2316,50.637849,-2.0729714,1173.8531
2317,51.086438,-1.5025837,1167.0998
2318,52.324408,0.27200952,1141.3355
2319,55.019471,-7.2443798,1029.0676
2320,53.334506,-1.627005,1065.3111
2321,57.233385,-5.7308777,917.3139
2322,55.759424,-2.719651,989.7832
2323,52.311673,0.85823324,1148.6943
2324,57.643387,-3.0915849,979.5461
2325,51.888601,-3.3827237,1102.0481
2326,52.700678,-0.8924973,1128.299
2327,55.114116,-4.119069,1013.254
2328,52.034908,1.132183,1163.667
2329,51.714229,-1.206244,1129.1367
2330,54.300183,-4.3844264,1111.221
2331,51.161524,-0.071653272,1150.8429
2332,55.480666,-3.6639531,983.0237
2333,52.526032,-1.9286763,1038.7116
2334,52.880384,-3.1168657,1055.0988
2335,53.957306,-0.70706399,1096.2685
2336,56.19158,-4.1781057,949.0817
2337,51.622022,-0.91894932,1138.9395
2338,54.454558,-7.7895846,1027.5561
2339,58.233572,-5.3241444,934.5356
2340,53.219519,-4.4737486,1185.2141
2341,52.435943,-2.2230096,1047.3481
2342,54.24424,-6.3772003,1059.2694
2343,52.057611,0.1125703,1144.9298
2344,56.989778,-4.7184142,907.1835
2345,50.817194,-1.6473992,1199.2719
2346,55.851143,-2.2421759,1012.678
2347,55.061702,-6.152697,1018.2516
2348,54.051222,-1.1623934,1064.0673
2349,55.995327,-4.9689295,955.3813
2350,54.857317,-3.1708255,1004.0887
2351,55.377591,-4.4488423,1020.7628
2352,51.98016,-0.76474724,1133.0874
2353,50.997022,-2.358533,1169.6871
2354,57.255245,-4.9037778,903.436
2355,55.388604,-3.817961,988.6719
2356,51.433415,-0.20409484,1147.9499
2357,51.984827,-1.3470855,1100.5059
2358,53.423801,-2.5291164,1044.8253
2359,52.308035,1.004717,1148.6515
2360,54.045418,-0.55159902,1097.987
2361,52.612041,-2.9623335,1061.0307
2362,58.356312,-3.626195,956.3303
2363,56.83831,-2.5763219,1024.1268
2364,54.223161,-0.39199427,1087.3213
2365,57.552028,-3.2559569,976.27
2366,51.80033,-3.2349954,1106.8003
2367,52.045717,0.69537279,1156.1411
2368,55.848227,-2.8810064,993.1475
2369,57.138739,-5.8867119,937.3184
2370,52.791851,-1.0384818,1115.3717
2371,52.433369,-2.8113455,1064.8393
2372,55.487632,-3.0311944,956.0889
2373,54.931709,-4.2655595,1037.1562
2374,51.169553,-0.64348734,1155.967
2375,52.165326,-2.5140546,1064.2077
2376,55.798892,-5.5923652,1008.1461
2377,57.196743,-2.7473847,976.0482
2378,52.873309,-3.711011,1085.1787
2379,54.859663,-6.7556268,1011.0285
2380,53.155106,-1.7781015,1070.5763
2381,58.80913,-3.3010993,957.808
2382,51.066609,0.20986259,1174.4344
2383,57.3786,-1.9195606,1012.491
2384,52.345148,-1.4885872,1081.5821
2385,54.503472,-2.07971,1022.8351
2386,56.472595,-3.3824188,971.1623
2387,58.286583,-6.5241498,939.1852
2388,52.972691,-2.8214131,1059.6716
2389,52.693675,-0.30079164,1141.5851
2390,55.123409,-3.492237,971.7275
2391,52.975316,-2.2257796,1047.5126
2392,56.794403,-5.3594539,911.5843
2393,50.133294,-5.5705405,1162.4223
2394,53.694033,-1.6238366,1049.1397
2395,54.781858,-6.4351775,1017.3507
2396,57.62473,-4.4307112,942.0611
2397,51.880338,-3.9636253,1140.7749
2398,51.054431,0.78009512,1194.3962
2399,53.31528,0.17417022,1124.7001
2400,54.501486,-2.6973664,1061.2428
2401,55.733367,-4.6303796,1015.078
2402,51.527285,-3.5159056,1151.3388
2403,54.833711,-7.3761084,1013.168
2404,52.501137,0.42845667,1146.0229
2405,53.514255,-2.3794399,1040.2876
2406,56.53365,-5.0109502,909.9019
2407,54.94174,-3.6416149,997.5728
2408,51.700709,-0.048815252,1144.3848
2409,54.318223,-3.1554619,1063.2688
2410,51.174787,-1.2155387,1164.9244
2411,54.683211,-1.9249603,1003.753
2412,57.19894,-2.0854443,1005.712
2413,54.593139,-2.2346459,1015.4618
2414,52.075986,-1.6375761,1091.9732
2415,57.017097,-2.7437759,1003.7428
2416,50.799623,0.055324992,1193.8304
2417,50.704328,-4.3389563,1119.9411
2418,57.543614,-3.9239911,967.9631
2419,52.475508,1.4579807,1136.5957
2420,56.500907,-6.1463188,974.8291
2421,53.243278,-2.6767358,1064.932
2422,56.201253,-3.5338324,958.9411
2423,51.615283,-0.34136637,1154.2801
2424,52.255775,-2.3686017,1054.0126
2425,57.285466,-2.9150721,980.043
2426,55.704475,-5.7429283,1012.4307
2427,51.440816,-0.77935043,1145.7805
2428,55.396361,-3.1867094,940.2881
2429,53.0654,-1.9277918,1073.6182
2430,52.605769,-3.5528835,1062.0666
2431,54.763937,-6.8999664,1012.7411
2432,52.650556,1.6196772,1128.9195
2433,56.798702,-5.1960043,906.2026
2434,53.783315,-2.533631,1045.2871
2435,54.737282,-7.5188386,1019.6461
2436,58.345809,-4.3091883,937.1618
2437,57.288546,-2.2515488,997.319
2438,54.413413,-1.7713693,1032.3137
2439,51.050953,0.92258768,1198.2378
2440,50.332333,-4.8827435,1153.3679
2441,51.445394,-1.3548045,1137.3891
2442,51.972616,-0.18261581,1151.5365
2443,53.603585,-1.473519,1057.9324
2444,53.245175,-2.0773448,1060.5275
2445,56.520886,-5.4978268,904.004
2446,57.448728,-7.254368,988.7422
2447,52.785565,-0.44550015,1139.8878
2448,50.444658,-3.7627238,1146.242
2449,55.8196,-4.7958563,1001.5827
2450,54.590355,-2.8536386,1046.0353
2451,54.229784,-1.0053792,1066.4829
2452,57.53167,-4.5915774,924.5148
2453,51.792808,-3.8148087,1143.9054
2454,54.865657,-6.6003556,1014.2207
